날짜,시가,고가,저가,거래량,등락률,RSI,기관합계,기타법인,개인,외국인합계,전체,종가
2023-10-05,59100,67600,46450,23416071,,,-119265548250,-62425812350,272892520850,-91201160250,0,51400
2023-10-06,49550,53400,49100,6183396,0.7782101167315175,,3591725600,2072769050,4698030350,-10362525000,0,51800
2023-10-10,51200,51300,46300,4693925,-9.942084942084941,,1477169000,-1237987000,17512521900,-17751703900,0,46650
2023-10-11,47600,49100,45400,3303330,0.5359056806002144,,-138023650,363032400,-931197050,706188300,0,46900
2023-10-12,47250,50200,46700,4428666,1.9189765458422177,,1492028800,-488292550,-1471194150,467457900,0,47800
2023-10-13,47550,47600,45700,1714981,-4.288702928870293,,288610950,21988100,5480833100,-5791432150,0,45750
2023-10-16,44650,44700,41300,2296251,-8.961748633879782,,-2096944050,49078450,3239077050,-1191211450,0,41650
2023-10-17,42450,44050,42000,2108796,1.800720288115246,,3180509250,-120419750,-2931676450,-128413050,0,42400
2023-10-18,42450,43500,41100,1281198,-3.0660377358490565,,2196300,-75879800,-710736450,784419950,0,41100
2023-10-19,40750,40750,38150,1320711,-6.934306569343065,,-1542856750,-104819200,2113236950,-465561000,0,38250
2023-10-20,37050,37400,35150,1404496,-7.18954248366013,,-752446150,-882943600,2646517900,-1011128150,0,35500
2023-10-23,34900,37250,34800,1123104,1.4084507042253522,,2308228500,75998550,-3507520600,1123293550,0,36000
2023-10-24,36650,37050,34650,787565,0.4166666666666667,,-396797150,73647400,1605092200,-1281942450,0,36150
2023-10-25,36550,36600,35000,504879,-2.904564315352697,12.909190145519304,-124068950,99401900,895060300,-870393250,0,35100
2023-10-26,33800,34350,33200,644789,-5.270655270655271,11.292651991326665,-233264100,78845700,604251250,-449832850,0,33250
2023-10-27,33500,33650,32150,608641,-2.857142857142857,10.561277237231977,82580100,7506750,-374811950,284725100,0,32300
2023-10-30,32300,41950,32150,8438127,27.39938080495356,45.78660162795174,200594950,-216722050,-3021904000,3038031100,0,41150
2023-10-31,40450,41000,36850,3557781,-9.477521263669502,38.576264052802166,188423900,173220400,4045165600,-4406809900,0,37250
2023-11-01,37250,42250,37250,5184793,7.919463087248323,45.559851576921126,-446466850,68777450,-3523077250,3900766650,0,40200
2023-11-02,41000,43400,41000,2616980,3.6069651741293534,48.65022907416658,5181464900,1044436600,-9194887100,2968985600,0,41650
2023-11-03,43100,46250,41550,4902547,7.563025210084033,54.670308615044384,7348607900,-1076442150,-8476559700,2204393950,0,44800
2023-11-06,43900,48250,43350,5550072,4.799107142857143,58.266639672119325,-17398090650,2387810950,26084376700,-11074097000,0,46950
2023-11-07,46950,47000,43800,1823105,-2.023429179978701,56.146947103886184,6921005850,290761350,4308348650,-11520115850,0,46000
2023-11-08,45950,48350,44650,2999389,2.391304347826087,58.04994874918231,6746080050,-46141000,-6184483450,-515455600,0,47100
2023-11-09,46600,48500,45800,1803648,0.0,58.04994874918231,8179017500,-1303500800,-4492929700,-2382587000,0,47100
2023-11-10,46250,47850,45950,940634,-0.5307855626326964,57.393473240104264,4710335200,-130945850,-3420370350,-1159019000,0,46850
2023-11-13,47600,48100,42850,1527166,-7.043756670224119,49.44477976899044,-1792932950,-32403100,51099450,1774236600,0,43550
2023-11-14,43000,45250,42550,1072622,-0.3444316877152698,49.11182798685895,1082318000,-576650,1051634350,-2133375700,0,43400
2023-11-15,45100,48000,44150,2827539,8.064516129032258,56.47639510833482,4629913850,-697575900,-17568566600,13636228650,0,46900
2023-11-16,48500,51300,48250,4587796,8.955223880597014,63.33383210693316,10605883800,-297846500,-14041285300,3733248000,0,51100
2023-11-17,50500,52400,48300,2847700,0.5870841487279843,63.772895509431926,5976030100,283456300,8733785250,-14993271650,0,51400
2023-11-20,50800,61100,50200,9112133,13.813229571984436,72.24400498112165,-52376700,619914000,-19746036800,19178499500,0,58500
2023-11-21,58200,60700,57300,3954875,1.8803418803418803,73.28622856423381,4836185800,75806100,-16728459700,11816467800,0,59600
2023-11-22,59600,69100,59300,11265423,6.7114093959731544,76.71083042143616,5397390200,-86450400,3238541700,-8549481500,0,63600
2023-11-23,64000,69600,63100,6850460,1.10062893081761,77.2602242685933,-1544967600,314688500,-3599756100,4830035200,0,64300
2023-11-24,66500,75300,64700,10028277,15.707620528771384,83.35976628224573,3142144200,-2187152600,-33244895700,32289904100,0,74400
2023-11-27,76700,89100,75100,13405683,7.661290322580645,85.6922589470831,11668773400,1286401900,78943564400,-91898739700,0,80100
2023-11-28,80100,82900,74700,7395597,2.1223470661672907,86.3086629846574,12231216000,1204270600,439925000,-13875411600,0,81800
2023-11-29,84600,94700,80900,12924160,1.3447432762836184,86.70770874337906,16051331100,7560577400,-5588697800,-18023210700,0,82900
2023-11-30,84000,92900,84000,6996550,12.062726176115802,89.65857339834693,10530865300,-2296774800,-61586998400,53352907900,0,92900
2023-12-01,95100,97900,88000,5690146,-4.413347685683531,81.65471747654446,-3086938900,-86716200,68079549400,-64905894300,0,88800
2023-12-04,84700,86300,78900,3964221,-10.022522522522523,67.55646758423141,-2266309300,-746271500,-13932220600,16944801400,0,79900
2023-12-05,80900,86000,79000,4298999,2.252816020025031,68.73230420927852,-39027781800,1302353800,20854211200,16871216800,0,81700
2023-12-06,80100,89700,76900,5607749,9.057527539779683,73.05573995722693,35491100,-5739767300,-33782754500,39487030700,0,89100
2023-12-07,87200,90900,82100,3144097,-7.744107744107744,64.14888648515299,1204071100,-1842790400,32637764500,-31999045200,0,82200
2023-12-08,84200,88900,83200,3354779,3.7712895377128954,66.1458892271265,-3562784100,667034100,-21829607600,24725357600,0,85300
2023-12-11,87500,91700,87100,3639528,4.6893317702227435,68.57804920179238,3365218300,-546036700,-20297003800,17477822200,0,89300
2023-12-12,90000,91200,86600,2307460,0.8958566629339306,69.0568554958906,4676826700,1067327900,-2988340800,-2755813800,0,90100
2023-12-13,88900,90100,85500,1771931,-4.439511653718091,63.820361008088284,-488721500,-725251700,30018450300,-28804477100,0,86100
2023-12-14,88500,89000,84600,1720285,0.0,63.82036100808828,1226300600,-223460300,3477870600,-4480710900,0,86100
2023-12-15,87500,94900,87400,5141163,9.75609756097561,69.46044112310379,3789129300,-874836400,-54873956800,51959663900,0,94500
2023-12-18,93700,109400,92000,8284618,14.074074074074074,75.8735837494659,4364482500,294190200,3317901200,-7976573900,0,107800
2023-12-19,108700,118400,103500,6280674,0.0,75.8735837494659,1995375600,930690000,27742939800,-30669005400,0,107800
2023-12-20,109400,122500,107600,9221571,12.987012987012985,80.7966068503095,3599317200,1817536200,-60019500200,54602646800,0,121800
2023-12-21,117700,124500,117000,3570643,-2.2167487684729066,77.5116733526737,1646594100,944530400,39005199800,-41596324300,0,119100
2023-12-22,120500,122600,110000,2447432,-5.7094878253568435,69.81326026259596,2428042900,261193000,20708458000,-23397693900,0,112300
2023-12-26,111300,117200,108000,2481625,-0.08904719501335707,69.7036212261184,52718000,-1344620800,-6705880700,7997783500,0,112200
2023-12-27,112000,114900,102900,2784354,-3.2085561497326207,65.70324103934857,7942850900,7636396700,21599216200,-37178463800,0,108600
2023-12-28,109000,118500,108500,3134713,6.906077348066299,69.61561071581087,6089802500,-562509200,-36779482200,31252188900,0,116100
2024-01-02,116100,116800,111100,1613732,-2.842377260981912,66.04561144024896,-859497400,325818900,29440372000,-28906693500,0,112800
2024-01-03,111000,115600,108200,1534903,-3.8120567375886525,61.61192031358089,-5506256100,-294859200,13987256700,-8186141400,0,108500
2024-01-04,107400,111600,106300,1115910,0.6451612903225806,62.058450476599646,157235600,-596142100,2163967700,-1725061200,0,109200
2024-01-05,100500,105400,98600,4850465,-6.7765567765567765,54.80133675913641,-144792547600,1409129800,151245340000,-7861922200,0,101800
2024-01-08,102300,106400,100900,2439092,1.4734774066797642,55.926422265315004,-23253164100,-160018100,19602117200,3811065000,0,103300
2024-01-09,103500,104300,100500,1255666,-0.9680542110358179,54.94449893075675,-5423557900,-1000605900,-5156049600,11580213400,0,102300
2024-01-10,101900,103300,98800,1728941,0.19550342130987292,55.11423878196679,-7377812400,-1268147800,-587208700,9233168900,0,102500
2024-01-11,102400,103300,97300,1709724,-5.073170731707317,49.85522065969966,-7014717800,-3850675000,27371909400,-16506516600,0,97300
2024-01-12,96300,101200,96200,1590124,0.10277492291880781,49.95411934753655,-8888188200,18656200,6999726700,1869805300,0,97400
2024-01-15,97300,101200,97100,1206700,0.0,49.95411934753655,-898135000,140306300,1564011700,-806183000,0,97400
2024-01-16,98800,99700,92900,1482088,-4.209445585215605,45.67101466723692,-5243386000,92183200,-762605800,5913808600,0,93300
2024-01-17,92700,94000,87800,1783069,-4.180064308681672,41.98351795082085,-17972574100,1097975600,-7129500100,24004098600,0,89400
2024-01-18,89400,90400,85600,1248032,-2.5727069351230423,39.93566030562787,-3441441200,-1227327500,-276004600,4944773300,0,87100
2024-01-19,88200,89500,83600,1428580,-2.2962112514351323,38.19116161454843,-8142055800,282040600,3230891500,4629123700,0,85100
2024-01-22,86300,86600,82500,1079760,-2.4676850763807283,36.39350142033064,-3640006500,-383246900,-1604913300,5628166700,0,83000
2024-01-23,82100,83900,80200,1156317,-2.7710843373493974,34.47926340055801,-6157451800,228141500,5328861000,600449300,0,80700
2024-01-24,80300,84600,80000,1463486,0.37174721189591076,34.95980614652753,-4426723200,295325700,24198604800,-20067207300,0,81000
2024-01-25,81700,82400,77000,1360325,-3.8271604938271606,32.321810599840745,-6683787600,-110450200,-6069413500,12863651300,0,77900
2024-01-26,76700,78200,75900,1027653,-2.053915275994865,31.020741998596833,-6768071200,678400500,5728913900,360756800,0,76300
2024-01-29,76300,77200,71800,1219919,-3.5386631716906947,28.906165211029034,-8825816700,72729100,-7417313700,16170401300,0,73600
2024-01-30,73700,76800,71000,1268517,-2.1739130434782608,27.70110359839491,-5204984600,122669200,8356505200,-3274189800,0,72000
2024-01-31,70500,72000,68700,1073342,-4.583333333333333,25.353447719743315,-7375509600,33356500,-330208400,7672361500,0,68700
2024-02-01,69700,72900,67300,1439444,5.385735080058224,32.2830342781413,-1214559600,87640400,12331506500,-11204587300,0,72400
2024-02-02,72700,73700,70500,1199105,-2.209944751381215,30.945225137500884,363443500,99529200,16727520700,-17190493400,0,70800
2024-02-05,71200,74700,70600,1394619,0.847457627118644,32.08186147808223,-76370400,792417200,12682138200,-13398185000,0,71400
2024-02-06,71500,74000,69500,1302094,2.380952380952381,35.32984686922096,2676302200,391528800,1642520100,-4710351100,0,73100
2024-02-07,73300,74900,72200,1053738,0.5471956224350205,36.10412477979703,2211639800,22377400,5165205500,-7399222700,0,73500
2024-02-08,76000,77100,73500,1754935,1.4965986394557822,38.29214245307779,5176282100,-786378200,10540019400,-14929923300,0,74600
2024-02-13,74300,78100,72900,1584952,3.2171581769436997,42.88743248087757,1973684300,677408500,-627632900,-2023459900,0,77000
2024-02-14,75800,85000,74800,5594159,7.532467532467532,52.15937513961685,13175331900,724376700,1788478000,-15688186600,0,82800
2024-02-15,84700,86300,82200,2119903,1.0869565217391304,53.42297621283351,4369622900,-1105643900,2912267800,-6176246800,0,83700
2024-02-16,84300,84700,80700,1083118,-3.106332138590203,49.366395833765665,-2771748900,53843000,6226165700,-3508259800,0,81100
2024-02-19,80200,81000,78600,769905,-1.6029593094944512,47.42723212779143,-806323500,597773900,-5533941900,5742491500,0,79800
2024-02-20,79200,81700,79000,681567,-0.6265664160401002,46.667932908717205,424338900,-692770800,4983005800,-4714573900,0,79300
2024-02-21,79300,79900,77500,726328,-2.269861286254729,43.940598890967806,-2296434800,446294300,-2699486700,4549627200,0,77500
2024-02-22,78300,81300,77800,896428,4.903225806451613,50.51543987417148,201892800,298517900,-7273189400,6772778700,0,81300
2024-02-23,81700,81900,78600,675188,-2.706027060270603,47.07325052988856,301609200,-602131000,8474067900,-8173546100,0,79100
2024-02-26,79200,80100,77700,446576,-1.643489254108723,45.11686308200011,-109071000,24837000,636103600,-551869600,0,77800
2024-02-27,77800,78400,74800,710785,-1.9280205655526992,42.90130193112472,-264140800,-525956900,-6266742200,7056839900,0,76300
2024-02-28,76700,77000,74500,529010,-1.9659239842726082,40.746441175939985,-1123346100,-1005888400,4965531200,-2836296700,0,74800
2024-02-29,74200,75200,73300,413940,-1.2032085561497325,39.46557685411102,-745361800,-220997000,-3103385700,4069744500,0,73900
2024-03-04,74400,78900,74200,983058,6.359945872801083,48.55963130248375,308587400,1082610800,-13782238100,12391039900,0,78600
2024-03-05,79200,81400,77300,982034,-0.5089058524173028,47.900095556911765,-138890600,748292600,5942991100,-6552393100,0,78200
2024-03-06,77300,80700,77100,884488,3.1969309462915603,52.263985740372334,59424700,460218300,-14338480800,13818837800,0,80700
2024-03-07,81200,81200,78500,588315,-1.6109045848822798,49.92234693049258,-1192482400,-207384200,-657759200,2057625800,0,79400
2024-03-08,80000,82600,78800,1350194,3.7783375314861463,54.93969357617203,1487791500,-610664700,-16693090800,15815964000,0,82400
2024-03-11,82700,89800,81100,3076098,8.009708737864079,63.58399342591215,2430927400,267449100,-33563592000,30865215500,0,89000
2024-03-12,89000,89100,85200,1285963,-3.48314606741573,57.95974388257482,163662800,870571900,8342308300,-9376543000,0,85900
2024-03-13,87000,91000,85900,2316217,4.656577415599535,62.561449081561186,6987127100,44622300,-10073017300,3041267900,0,89900
2024-03-14,90000,94500,89700,2734007,2.3359288097886544,64.7433663022547,15826735100,-985654900,-9145154500,-5695925700,0,92000
2024-03-15,91000,94000,87100,1656276,-5.326086956521739,56.473052791237656,1266941500,-167647500,1698175200,-2797469200,0,87100
2024-03-18,87800,93400,87800,1489518,6.77382319173364,62.65835296693557,14365794000,-61474300,-24210383500,9906063800,0,93000
2024-03-19,93800,95900,91600,1880240,0.8602150537634409,63.41745327384772,6313892600,1399367300,-2576221400,-5137038500,0,93800
2024-03-20,95000,95600,92200,842807,-0.31982942430703626,62.90106113697568,2690219500,1520217500,-5610520800,1400083800,0,93500
2024-03-21,94300,94300,90400,996214,-1.8181818181818181,59.92337160522528,86338800,64076700,-2293978400,2143562900,0,91800
2024-03-22,93000,95800,91300,1549792,0.32679738562091504,60.2807102066091,-865022300,201966200,-996622100,1659678200,0,92100
2024-03-25,92400,92800,88900,750748,-1.3029315960912053,58.051026135658816,4506958700,-132961500,-6261122400,1887125200,0,90900
2024-03-26,92000,93100,89800,873997,0.0,58.051026135658816,3370989900,-344833900,2836797600,-5862953600,0,90900
2024-03-27,90800,91300,89100,524637,-1.65016501650165,55.0966257391006,495930500,-1170746600,278787200,396028900,0,89400
2024-03-28,89700,90000,87500,584177,-1.2304250559284116,52.96771807802332,-2869063400,41626800,-2014596800,4842033400,0,88300
2024-03-29,88300,91700,88100,870668,-0.11325028312570783,52.76810210272849,3953502400,317154000,2193983400,-6464639800,0,88200
2024-04-01,88500,88800,84900,938867,-3.741496598639456,46.53552989875897,-15201064500,-637854200,18886072100,-3047153400,0,84900
2024-04-02,84000,84200,81500,700547,-3.769140164899882,41.42590969781589,-3890862300,-1723456000,-2811016400,8425334700,0,81700
2024-04-03,81000,83300,79600,550737,-0.6119951040391677,40.67440810104457,518334100,1352768300,2691481200,-4562583600,0,81200
2024-04-04,82200,82500,80100,372746,-0.9852216748768473,39.44154064033867,-1944517700,187178300,3381638500,-1624299100,0,80400
2024-04-05,75600,78000,74300,2126072,-7.08955223880597,31.999279561487043,-81796381200,33796400,78291547700,3471037100,0,74700
2024-04-08,75000,77000,74500,813921,-0.13386880856760375,31.88560702588721,-15712048400,608946300,13743871200,1359230900,0,74600
2024-04-09,74700,75600,72500,588823,-2.1447721179624666,30.046472467939395,-11021247200,57768900,7187462100,3776016200,0,73000
2024-04-11,72300,73700,70900,332616,0.410958904109589,30.85182401947695,-1665682100,48416300,807245400,810020400,0,73300
2024-04-12,73800,77500,72800,757684,4.911323328785812,39.80724544448097,-1877071500,10494800,592296700,1274280000,0,76900
2024-04-15,75400,75500,73900,376466,-2.990897269180754,36.550329059848124,-3525125100,-16999600,2161082200,1381042500,0,74600
2024-04-16,73400,73800,70200,651824,-5.495978552278821,31.588772598247914,-6849552100,12453000,12285961400,-5448862300,0,70500
2024-04-17,70600,73500,70500,464937,0.851063829787234,33.02166335672371,-3275622400,-96947300,1511439600,1861130100,0,71100
2024-04-18,71100,72800,71100,232010,2.250351617440225,36.82185901610999,-749400900,184432400,-23927700,588896200,0,72700
2024-04-19,72400,72400,69100,484246,-2.8885832187070153,34.088110711247666,-3863737100,72767900,6319760900,-2528791700,0,70600
2024-04-22,71000,72500,71000,268274,2.26628895184136,37.87271569916883,366971500,-586279300,-2324574000,2543881800,0,72200
2024-04-23,72900,73700,71800,231306,-0.554016620498615,37.296154327414285,-280083800,-2932300,2886834500,-2603818400,0,71800
2024-04-24,72900,73500,72200,265690,2.2284122562674096,41.155132804269066,-111158700,-288367800,-3380572000,3780098500,0,73400
2024-04-25,72600,74300,71600,254875,-1.6348773841961852,39.206276901948996,-31133600,15342300,1356191500,-1340400200,0,72200
2024-04-26,73200,73200,71500,208337,-0.554016620498615,38.550955581731664,-198945500,17813100,725810800,-544678400,0,71800
2024-04-29,72900,73200,71800,226367,1.6713091922005572,41.69927362560687,-2333800600,-115374800,-1921589700,4370765100,0,73000
2024-04-30,73100,74400,71800,385576,-1.36986301369863,39.86623294964691,-6563487800,32934900,10290193600,-3759640700,0,72000
2024-05-02,72400,73000,71800,171081,1.1111111111111112,42.06051725304245,-343275400,-388954600,-1159235000,1891465000,0,72800
2024-05-03,73200,76000,72800,609888,3.4340659340659343,48.39746632114855,324905100,811190500,-5803480900,4667385300,0,75300
2024-05-07,75800,76800,74700,447128,1.1952191235059761,50.496543054389456,511567700,230276800,-3157896900,2416052400,0,76200
2024-05-08,76400,76600,74500,278452,-1.574803149606299,47.70985227455966,-1288772100,-23363800,5029588500,-3717452600,0,75000
2024-05-09,73000,73400,71600,443304,-3.5999999999999996,42.082594135498475,-1088687700,-349174000,955695700,482166000,0,72300
2024-05-10,73600,75600,73200,529203,2.0746887966804977,45.90024528242249,-326315600,-186502000,-3093460100,3606277700,0,73800
2024-05-13,73700,75400,72600,277581,-1.084010840108401,44.225891801310546,-192264800,-66114100,1070226000,-811847100,0,73000
2024-05-14,72700,73100,72000,205446,-0.273972602739726,43.795772407228675,-1260855100,-60135700,-41256900,1362247700,0,72800
2024-05-16,73600,73700,72800,238232,0.5494505494505495,44.948940941351665,-1288385700,11981400,-2832774500,4109178800,0,73200
2024-05-17,73100,73100,72100,170703,-1.092896174863388,43.04664623219474,-149983900,72899200,696059300,-618974600,0,72400
2024-05-20,72400,73800,71500,271680,1.7955801104972375,46.97387563928313,379068400,-734541000,-5054530000,5410002600,0,73700
2024-05-21,74200,74200,72300,209262,-1.8995929443690638,43.49546898925291,237466600,-52608900,2714250900,-2899108600,0,72300
2024-05-22,72500,74500,72300,276751,1.9363762102351314,47.66867988692163,91158700,-10839700,-3034031800,2953712800,0,73700
2024-05-23,73400,73500,72200,160158,-1.3568521031207599,45.106091227815085,85083800,11286800,758950400,-855321000,0,72700
2024-05-24,72100,72300,71500,190904,-1.5130674002751032,42.40557904275866,-17935700,-26156200,755146500,-711054600,0,71600
2024-05-27,72100,74400,71900,317014,3.072625698324022,48.9841391311181,170220900,-21401600,-8564335900,8415516600,0,73800
2024-05-28,73800,75400,73000,378199,0.6775067750677507,50.371575034751004,988783600,883761500,-1149032100,-723513000,0,74300
2024-05-29,74400,75000,73100,262283,-0.6729475100942126,48.93826237219069,-279810200,-34361200,-2102899900,2417071300,0,73800
2024-05-30,73800,74300,72400,205903,-0.13550135501355012,48.64016023958858,203773300,10585200,-2405411900,2191053400,0,73700
2024-05-31,73900,74300,72200,235270,-1.7639077340569878,44.81809604905944,299662600,-637506800,3334823700,-2996979500,0,72400
2024-06-03,72500,74300,72200,276275,2.3480662983425415,50.31614403720032,99881300,-16073100,-6708310800,6624502600,0,74100
2024-06-04,74100,75200,73500,277652,0.1349527665317139,50.627767659341295,-485198100,-35184500,-2724631500,3245014100,0,74200
2024-06-05,74900,75800,73600,354320,1.6172506738544474,54.32959272008229,1860086000,-18390000,-6798213400,4956517400,0,75400
2024-06-07,75900,76800,74300,352992,0.7957559681697612,56.10187849268473,315766000,-3459800,-4377469700,4065163500,0,76000
2024-06-10,76000,77300,74200,415583,0.2631578947368421,56.70499345781601,-626247800,116671000,-1254565100,1764141900,0,76200
2024-06-11,76200,81300,76000,1990618,5.774278215223097,67.33704374328829,18140386900,-387401900,-18580733900,827748900,0,80600
2024-06-12,81900,90800,81600,5572168,6.9478908188585615,75.56244365785747,20547004300,-1644807800,-44271095500,25368899000,0,86200
2024-06-13,86900,88400,84300,2209722,-1.3921113689095126,71.4123963974709,27834369100,20722900,-8457445300,-19397646700,0,85000
2024-06-14,85900,88400,84200,1542727,3.058823529411765,74.65978411599716,2904557300,-156683500,-19751938800,17004065000,0,87600
2024-06-17,87200,87600,82200,910262,-3.881278538812785,64.36338188102997,-3699710200,-4004000,6134426500,-2430712300,0,84200
2024-06-18,84700,86200,84500,501587,0.831353919239905,65.420730945927,792924300,-114732700,-11056508000,10378316400,0,84900
2024-06-19,84900,84900,78200,1331954,-7.302709069493522,50.990079828588065,-20888766400,400160400,26625464300,-6136858300,0,78700
2024-06-20,78700,80400,77100,614823,-1.7789072426937738,48.39419832258316,-3609831700,216010100,6657375900,-3263554300,0,77300
2024-06-21,77300,81700,76700,1832642,5.692108667529108,55.97936010114532,-7296987400,-200763900,-16151577400,23649328700,0,81700
2024-06-24,81100,81300,79300,307260,-2.937576499388005,51.53026260147836,57851400,76807300,-814475200,679816500,0,79300
2024-06-25,79500,80800,78800,249045,0.7566204287515763,52.545679632651876,-613793400,642980300,-764607500,735420600,0,79900
2024-06-26,79900,81900,79400,393832,2.3779724655819776,55.709905098122725,2400263100,97748100,-6122368000,3624356800,0,81800
2024-06-27,82000,82000,80000,248422,-2.2004889975550124,52.16140721610728,-1454449300,3001300,2268293100,-816845100,0,80000
2024-06-28,80500,80600,79400,189321,-0.125,51.96338144440371,-1377145700,396730000,1338340800,-357925100,0,79900
2024-07-01,80000,80000,77700,322525,-2.753441802252816,47.67520770337577,-3601214800,49882400,5039534000,-1488201600,0,77700
2024-07-02,77200,78400,75600,268303,-2.3166023166023164,44.443599502065005,-1021134200,-150102500,2729361100,-1558124400,0,75900
2024-07-03,76200,77300,76000,149034,0.13175230566534915,44.66799528521403,-705946700,-25515100,1159599700,-428137900,0,76000
2024-07-04,76000,76600,73700,382530,-2.1052631578947367,41.761551782527825,-4183502500,-91958800,3590526200,684935100,0,74400
2024-07-05,75300,78700,75100,442370,2.4193548387096775,46.0171302027948,849971100,160941800,-1804158500,793245600,0,76200
2024-07-08,76700,79600,76200,354295,3.805774278215223,52.091131663332206,3202407900,-381768800,-6766648200,3946009100,0,79100
2024-07-09,79600,79600,77900,211347,0.0,52.091131663332206,573270400,21545100,-1088440500,493625000,0,79100
2024-07-10,79600,80000,77500,330258,1.1378002528445006,53.95582532509301,-625032300,197642600,2059008000,-1631618300,0,80000
2024-07-11,81500,86200,81100,2032864,6.625,63.07120499598334,15180301400,817210900,-40516519400,24519007100,0,85300
2024-07-12,95000,109300,92200,15292160,23.91559202813599,79.71629897235076,10211393200,2326620400,-102408352900,89870339300,0,105700
2024-07-15,103600,106600,91300,6775638,-11.542100283822137,61.78158332223899,3206482100,-1007334000,92604522600,-94803670700,0,93500
2024-07-16,93000,96400,87400,4346120,-4.064171122994653,57.44629633986151,-12004165700,563906300,16720077900,-5279818500,0,89700
2024-07-17,88800,90800,85000,2025165,-5.128205128205128,52.631646649446125,-7224119800,59098800,9590994100,-2425973100,0,85100
2024-07-18,86300,87200,80800,1967603,-3.9952996474735603,49.34004003910236,-5308602300,-1283624900,16165798300,-9573571100,0,81700
2024-07-19,81400,86000,80900,1721816,2.692778457772338,51.45561500231323,-1353254200,50669900,-8310904100,9613488400,0,83900
2024-07-22,83400,83500,79700,910491,-5.005959475566151,47.3871079439715,-2124458200,-356112300,6874441700,-4393871200,0,79700
2024-07-23,80500,85600,80500,1677478,4.767879548306149,51.150515681700696,-2767625300,-122330100,-1099145100,3989100500,0,83500
2024-07-24,82500,84400,79500,986067,-4.431137724550898,47.58164079389929,-2887955300,59010100,6223448600,-3394503400,0,79800
2024-07-25,75100,76400,72700,1575540,-8.020050125313283,42.1087521474253,-10917002100,-567466900,17039908600,-5555439600,0,73400
2024-07-26,73200,75100,72000,628556,-0.9536784741144414,41.545882364900486,-527696100,-74853300,4975364900,-4372815500,0,72700
2024-07-29,72200,73300,71000,439070,-0.8253094910591471,41.03950351907832,-1557459400,39608900,1970917400,-453066900,0,72100
2024-07-30,72100,73400,71500,349168,-0.4160887656033287,40.771917516270506,-641272500,-155400600,5679578500,-4882905400,0,71800
2024-07-31,71500,73200,71100,353824,-0.8356545961002786,40.20726597774496,-1537785200,252273200,3829828500,-2544316500,0,71200
2024-08-01,71500,73400,71300,296058,2.387640449438202,42.6315036737714,-737211700,419198400,-1650381500,1968394800,0,72900
2024-08-02,72100,72100,68800,514519,-5.349794238683128,38.750009241613064,-798746800,-869468200,6532562100,-4864347100,0,69000
2024-08-05,66600,66700,53900,919934,-14.057971014492754,31.152756035646178,-995876300,-515289900,-402348700,1913514900,0,59300
2024-08-06,59700,64400,59500,590770,6.913996627318718,36.793582890835985,-1078894900,32248800,-867044500,1913690600,0,63400
2024-08-07,63400,66000,63100,358852,2.2082018927444795,38.64223257492468,-2434537500,408348200,2776411300,-750222000,0,64800
2024-08-08,63000,65400,62400,219247,0.30864197530864196,38.91708517172662,154831000,-316587700,-341788100,503544800,0,65000
2024-08-09,66000,66700,64800,252919,-0.15384615384615385,38.82344137519215,-445524200,79622700,2444435400,-2078533900,0,64900
2024-08-12,64900,68200,64600,320945,3.697996918335902,42.40536765423082,-2709585300,92077300,-1848189900,4465697900,0,67300
2024-08-13,67500,69400,65500,308209,-1.9316493313521546,41.004865484970054,-244397800,-132880900,5863346000,-5486067300,0,66000
2024-08-14,66900,67000,65500,204164,0.7575757575757576,41.801006073497184,-341052700,-46943900,22023100,365973500,0,66500
2024-08-16,67400,68800,67000,292342,3.007518796992481,44.998382064004545,1455565400,109678500,-4304915500,2739671600,0,68500
2024-08-19,68700,69000,67300,170866,-1.7518248175182483,43.455753218266054,321060600,57081800,578519300,-956661700,0,67300
2024-08-20,67900,68900,67500,161346,1.040118870728083,44.64782045777683,-171544300,-157800,72907900,98794200,0,68000
2024-08-21,67200,69400,66400,226955,1.0294117647058822,45.87662244141007,34229800,62999700,-154434700,57205200,0,68700
2024-08-22,68700,68900,67100,145541,-2.1834061135371177,43.64089563107432,-5881400,7742400,1106111700,-1107972700,0,67200
2024-08-23,66100,67000,65500,127443,-0.8928571428571428,42.743584788646665,412460700,-130367300,-938947200,656853800,0,66600
2024-08-26,67000,67000,65300,171957,-1.6516516516516515,41.07609003640291,269613200,-130098700,-156786800,17272300,0,65500
2024-08-27,64800,69200,64400,309553,4.2748091603053435,46.768690608054044,4419626000,1862800,-4710275500,288786700,0,68300
2024-08-28,68000,68200,65800,232581,-3.22108345534407,43.23443259449643,-450907200,-150626700,3089319600,-2487785700,0,66100
2024-08-29,65000,73600,64900,1359963,4.841149773071105,49.24275294479526,4686433500,-40073100,-2498557200,-2147803200,0,69300
2024-08-30,70500,72600,68700,641332,1.5873015873015872,51.15657517806684,5747718600,225280300,-8563743400,2590744500,0,70400
2024-09-02,69700,70100,68200,242105,-2.840909090909091,47.63941648662904,-2146798200,-14174700,2003707000,157265900,0,68400
2024-09-03,68400,69000,66800,173598,-2.1929824561403506,45.13312349709568,-1056907800,7868200,1046596700,2442900,0,66900
2024-09-04,63800,66600,63600,246155,-2.242152466367713,42.71314430228029,2318705700,27918400,-2945047200,598423100,0,65400
2024-09-05,65400,66300,63500,171386,-2.1406727828746175,40.52889376306577,677435100,-8074200,-308860900,-360500000,0,64000
2024-09-06,63900,65400,61900,200565,-0.625,39.90106382312888,2147629400,45996300,-1641428100,-552197600,0,63600
2024-09-09,61200,64200,61200,128814,0.4716981132075472,40.64372354115593,76944600,-169361400,-1038113100,1130529900,0,63900
2024-09-10,64400,64600,63300,104821,0.0,40.64372354115593,213674400,13325900,-536760300,309760000,0,63900
2024-09-11,63900,66200,63800,126966,0.4694835680751174,41.4823704981276,15931000,14760300,-2454541500,2423850200,0,64200
2024-09-12,64500,67100,64500,221166,4.049844236760125,48.3000894582307,-293445000,-5788800,-3165268500,3464502300,0,66800
2024-09-13,66500,67200,65800,133428,-0.7485029940119761,47.16212915359962,820722500,126411500,-377709700,-569424300,0,66300
2024-09-19,66800,67000,65500,173068,-0.603318250377074,46.22387562995862,1074014500,3807900,-2443068700,1365246300,0,65900
2024-09-20,66500,66600,64700,337332,0.0,46.22387562995862,-1414886800,121848100,133122200,1159916500,0,65900
2024-09-23,65900,66600,65000,129630,-0.9104704097116844,44.677633205274255,314987300,328000,767991700,-1083307000,0,65300
2024-09-24,65400,65600,64500,136467,-0.3062787136294028,44.14750510768772,394096700,-40098900,59762300,-413760100,0,65100
2024-09-25,65500,66400,64400,177912,-0.7680491551459293,42.78083219983139,431329200,11154200,-893904000,451420600,0,64600
2024-09-26,65200,67800,64900,293353,4.953560371517028,52.84257401199775,2021906800,-29172700,-7403765700,5411031600,0,67800
2024-09-27,67700,67700,66200,164025,-2.2123893805309733,48.53427221898742,-343480500,10563700,2651497300,-2318580500,0,66300
2024-09-30,66500,68200,63700,351148,-3.9215686274509802,42.123461200629926,-639068200,57900,3991107100,-3352096800,0,63700
2024-10-02,62100,63300,61800,163860,-2.6687598116169546,38.53899042893016,-944538300,11047400,1670344100,-736853200,0,62000
2024-10-04,62000,62800,61900,111631,0.0,38.53899042893016,-625992800,-85470400,999918400,-288455200,0,62000
2024-10-07,58400,63000,58400,439396,1.6129032258064515,41.91119477431166,-1741193200,153577700,-2333686400,3921301900,0,63000
2024-10-08,62400,62600,61500,143760,-1.5873015873015872,39.572912730737144,1163069400,8773800,-377800500,-794042700,0,62000
2024-10-10,62600,62700,61200,113470,-0.8064516129032258,38.418755869937556,445619800,8672100,613492200,-1067784100,0,61500
2024-10-11,61500,62700,61300,143449,-0.16260162601626016,38.17892493835088,-35229500,6121200,-412958900,442067200,0,61400
2024-10-14,61800,62800,61400,100144,0.6514657980456027,39.79782033369193,271971700,-51278000,-369551800,148858100,0,61800
2024-10-15,62200,62800,61500,118804,-0.48543689320388345,38.97349706723863,-956000,-68877500,436189500,-366356000,0,61500
2024-10-16,61000,61300,60100,163795,-1.951219512195122,35.78096684571585,519757800,188318000,68171000,-776246800,0,60300
2024-10-17,60400,62800,60300,204187,2.8192371475953566,42.91507127779372,1742098300,-48737400,-3795077400,2101716500,0,62000
2024-10-18,62500,66500,61700,737987,5.161290322580645,53.40752812395995,6566324700,396949600,-9606080800,2642806500,0,65200
2024-10-21,66000,78200,66000,3894355,9.815950920245399,66.62158382011634,8657380000,-582715200,-18164226700,10089561900,0,71600
2024-10-22,70800,71900,66600,917081,-5.167597765363128,56.62336789187398,4324515300,-40652700,-1601161000,-2682701600,0,67900
2024-10-23,67500,68800,66000,380963,-1.7673048600883652,53.8031697233802,680146000,-91377900,-181264400,-407503700,0,66700
2024-10-24,66000,66200,64000,326242,-1.3493253373313343,51.722471276715716,685939200,-786341700,-735250800,835653300,0,65800
2024-10-25,65800,67000,65000,238437,0.60790273556231,52.599842192221914,2634257700,-144688400,-695387200,-1794182100,0,66200
2024-10-28,66500,69500,66500,409128,3.1722054380664653,57.01640974152348,1071663000,2977200,-3041538000,1966897800,0,68300
2024-10-29,68400,70200,67700,320680,2.781844802342606,60.593968529671095,1954987900,-44748700,-2628581400,718342200,0,70200
2024-10-30,70600,71300,69300,297757,-0.7122507122507122,59.19763384404032,545344200,-14626000,-1586768300,1056050100,0,69700
2024-10-31,68600,70300,67300,257163,0.7173601147776184,60.18569527886077,2230399000,20227000,-2550197100,299571100,0,70200
2024-11-01,69000,71600,67600,261235,-2.1367521367521367,55.81868570226595,2279632700,-113110100,415062400,-2581585000,0,68700
2024-11-04,68400,69200,67600,136178,0.2911208151382824,56.27425193963811,-595643000,27926400,-210003400,777720000,0,68900
2024-11-05,68700,71000,67900,187319,1.5965166908563133,58.791068845692955,-123708900,-11524100,-1542702800,1677935800,0,70000
2024-11-06,70000,70500,66200,284239,-3.8571428571428568,51.02729799042229,810759800,32134400,3013873400,-3856767600,0,67300
2024-11-07,66800,68600,64100,274309,1.188707280832095,53.00746198996178,-727358200,-13092000,841579200,-101129000,0,68100
2024-11-08,67700,68300,66400,167602,-1.0279001468428781,51.06193569501741,1615422200,99163800,28662900,-1743248900,0,67400
2024-11-11,68400,71000,66700,401152,-1.0385756676557862,49.12039443942735,672760900,94867600,-290910800,-476717700,0,66700
2024-11-12,66700,69400,65000,342465,-2.548725637181409,44.677427585971635,1943986500,-27098700,1433923800,-3350811600,0,65000
2024-11-13,64000,65000,60900,304828,-6.3076923076923075,36.1782262578587,-851590800,-111980000,2031404000,-1067833200,0,60900
2024-11-14,60900,62900,60600,244873,-0.16420361247947454,35.9983501915691,36465500,14030900,-508122900,457626500,0,60800
2024-11-15,60800,64500,60800,227228,5.592105263157895,45.85535986772062,972764700,246719300,-2309595400,1090111400,0,64200
2024-11-18,64300,68300,63400,267265,3.582554517133956,51.31747343354181,945403900,224628700,-4384552300,3214519700,0,66500
2024-11-19,67500,70700,66800,550840,4.06015037593985,56.82389352940317,1999009300,13895600,-3531795100,1518890200,0,69200
2024-11-20,69300,69400,67500,181098,-0.1445086705202312,56.568686141072405,413555500,224426100,-1146276700,508295100,0,69100
2024-11-21,69000,69600,67900,188618,-0.43415340086830684,55.75961270590513,1643305900,167343000,-823750500,-986898400,0,68800
2024-11-22,73700,75500,69000,1124603,0.872093023255814,57.08172630980924,-747512800,399010500,1185931600,-837429300,0,69400
2024-11-25,69400,69700,68500,274371,0.1440922190201729,57.310708777240784,958244500,20492700,-2042321100,1063583900,0,69500
2024-11-26,69000,69200,67100,237497,-1.7266187050359711,53.61408849368376,-423591400,75601200,796874500,-448884300,0,68300
2024-11-27,67800,70600,67700,356679,3.22108345534407,58.85398769266209,2222863800,-43219200,-4550032700,2370388100,0,70500
2024-11-28,70900,71200,69600,235220,-0.9929078014184398,56.66078161327272,2434208600,69259000,556308500,-3059776100,0,69800
2024-11-29,70000,70000,64300,337196,-7.163323782234957,44.0372609939715,-1296480800,-308575300,4525045300,-2919989200,0,64800
2024-12-02,66800,67100,63400,233398,-0.4629629629629629,43.41230886682638,-877978500,-47664100,2568521300,-1642878700,0,64500
2024-12-03,64500,65700,64000,177885,1.0852713178294573,45.360773220619,319232300,-21715600,-589663400,292146700,0,65200
2024-12-04,63800,64900,62500,247373,-2.9141104294478524,41.21274001509265,1023573200,-107620500,481115000,-1397067700,0,63300
2024-12-05,63500,63700,61600,200842,-1.7377567140600316,38.98975735349488,-1883571000,-4961000,2274008100,-385476100,0,62200
2024-12-06,61700,62600,58800,246151,-1.607717041800643,37.03407598852368,739048800,-12362300,-1556516200,829829700,0,61200
2024-12-09,60200,66200,55800,1367513,-6.209150326797386,30.72690430326695,-5015810800,-270388400,6285901600,-999702400,0,57400
2024-12-10,55000,56000,50200,2421085,-9.059233449477352,24.562284156227676,-33073218100,-498009900,34751284800,-1180056800,0,52200
2024-12-11,52000,52700,50700,793424,-1.9157088122605364,23.582438733862205,-3194125600,-31805100,6050349700,-2824419000,0,51200
2024-12-12,51700,52600,51400,524608,2.1484375,27.030747017665917,402280700,-469361700,-541198000,608279000,0,52300
2024-12-13,52200,52700,51600,410799,0.0,27.030747017665902,-1016453300,-2717884600,2653644800,1080693100,0,52300
2024-12-16,52900,54000,52300,430195,1.9120458891013385,30.34468119106191,-241684500,-1251302000,149474500,1343512000,0,53300
2024-12-17,53700,53700,52200,233404,-2.0637898686679175,28.795487291612375,-504294000,-19264600,341942500,181616100,0,52200
2024-12-18,52800,53800,52600,220146,1.1494252873563218,30.86868752852392,-203735300,11329400,301224400,-108818500,0,52800
2024-12-19,51500,52400,51300,204072,-2.083333333333333,29.190642891234518,-1677395700,21304100,1776680100,-120588500,0,51700
2024-12-20,51700,51900,49850,337096,-1.9342359767891684,27.715609742752193,-1449360250,83004700,261937500,1104418050,0,50700
2024-12-23,50900,51100,49950,161940,0.19723865877712032,28.106838155781077,186102350,-45084000,-772619000,631600650,0,50800
2024-12-24,51000,52500,50500,305986,1.1811023622047243,30.536135852609974,-577611500,31228300,1130400100,-584016900,0,51400
2024-12-26,52300,54400,52100,531957,1.556420233463035,33.75052896783741,834316600,-134907100,-1521670100,822260600,0,52200
2024-12-27,52500,52800,50100,260758,-2.8735632183908044,30.866416341378866,-1143692300,-7553000,1301779100,-150533800,0,50700
2024-12-30,50400,52800,50000,306663,3.155818540433925,37.04611859302801,-1212765800,14149100,342439000,856177700,0,52300
2025-01-02,56600,67800,56200,4171511,28.107074569789674,66.59250698615637,5269228300,42753900,-7532932500,2220950300,0,67000
2025-01-03,64600,66100,61100,2275594,-2.2388059701492535,63.32643653235935,6289412400,-410971000,-9350993600,3472552200,0,65500
2025-01-06,67300,68600,63800,1296996,-0.45801526717557256,62.66446969707189,977983100,-157928800,4558182000,-5378236300,0,65200
2025-01-07,66900,67600,65500,890102,0.7668711656441718,63.35206689839878,847556900,19169500,-3149960800,2283234400,0,65700
2025-01-08,64900,65500,62600,639841,-4.10958904109589,57.22342727586201,-4580175500,-3508200,6184904200,-1601220500,0,63000
2025-01-09,62500,64500,60600,749634,2.380952380952381,59.56380398498929,1320026500,150881000,829911300,-2300818800,0,64500
2025-01-10,64800,66300,63700,500156,-1.0852713178294573,57.969858419897164,-1506323100,-310320200,4347666400,-2531023100,0,63800
2025-01-13,63300,65600,63000,415899,0.4702194357366771,58.482635651526266,127737700,578871900,-2073741700,1367132100,0,64100
2025-01-14,64900,65000,63600,335743,0.31201248049922,58.8431342650544,-464630800,120195600,-642364100,986799300,0,64300
2025-01-15,65000,66200,64100,406695,0.0,58.8431342650544,-838913100,801480100,-423149600,460582600,0,64300
2025-01-16,64900,66200,64500,423803,1.244167962674961,60.43679068016964,1064024000,247650200,-3302608700,1990934500,0,65100
2025-01-17,65500,65500,64000,328632,-0.30721966205837176,59.813236214275705,-269416500,144926700,-251886700,376376500,0,64900
2025-01-20,65400,65800,64000,296463,-0.6163328197226503,58.51294790677363,460856900,-747784300,768502400,-481575000,0,64500
2025-01-21,65000,66700,64300,655013,2.4806201550387597,62.06535744528331,-196548000,32050100,-3449320900,3613818800,0,66100
2025-01-22,67100,67200,64900,453588,0.0,62.06535744528331,-753091100,174968400,1389080000,-810957300,0,66100
2025-01-23,66200,66600,64000,315287,-3.177004538577912,54.90855332047587,-1544911100,94615500,3611707900,-2161412300,0,64000
2025-01-24,64200,65800,63600,252166,2.03125,58.12745677338922,-243836600,1893800,-3025590000,3267532800,0,65300
2025-01-31,65400,68100,64300,785222,2.6033690658499236,61.95245048090405,213121900,10620300,-932577700,708835500,0,67000
2025-02-03,66000,67400,64000,546476,-4.029850746268656,53.580816385770525,-916554500,839646300,5903770600,-5826862400,0,64300
2025-02-04,64800,73400,64700,3103413,11.19751166407465,66.55836505363538,2410518600,-1854564300,-17129511000,16573556700,0,71500
