날짜,시가,고가,저가,거래량,등락률,RSI,기관합계,기타법인,개인,외국인합계,종가
2022-06-27,135000,156600,131700,3082174,8.981555733761027,,-58506796100,-1707916900,83146819500,-22932106500,135900
2022-06-28,133900,136600,126100,1339086,-5.886681383370125,,2207014100,-606592400,18637976000,-20238397700,127900
2022-06-29,125400,125600,120800,787677,-5.08209538702111,,-3857268100,-488284900,3399208300,946344700,121400
2022-06-30,120600,122600,112000,924611,-6.507413509060955,,-2757184700,134779400,9383106200,-6760700900,113500
2022-07-01,112900,114600,108000,695589,-4.317180616740088,,-6482275900,1342241800,2733003300,2407030800,108600
2022-07-04,110400,112900,106900,648837,2.9465930018416207,,-2165607300,-171823900,3639498200,-1302067000,111800
2022-07-05,111900,121700,110400,820535,7.6923076923076925,,3944236100,180746100,-22794680400,18669698200,120400
2022-07-06,120700,122500,115000,499510,-4.485049833887043,,-6738377200,203935300,12489575000,-5955133100,115000
2022-07-07,116400,119200,115700,343429,1.2173913043478262,,2922309600,-28454900,-1788152300,-1105702400,116400
2022-07-08,120000,121400,118400,371124,2.147766323024055,,9328586500,-39179500,-10656836700,1367429700,118900
2022-07-11,119600,120200,114200,293996,-3.616484440706476,,-2323741100,-144372000,8877561600,-6409448500,114600
2022-07-12,113000,114100,110500,292517,-3.2286212914485164,,-1959786000,100145900,2670720100,-811080000,110900
2022-07-13,108000,120000,108000,1074732,8.205590622182147,,6660974900,-379623600,-32527475200,26246123900,120000
2022-07-14,127200,127300,114200,1906215,-2.5,41.56120100915644,-24562053900,-15078900,33137144400,-8560011600,117000
2022-07-15,115700,117700,110100,1792794,-4.700854700854701,36.600627381769094,-25499797900,126495500,40407052900,-15033750500,111500
2022-07-18,112300,113600,107700,1395732,-1.5246636771300448,35.20206182754171,11509451400,-429007400,23442852300,-34523296300,109800
2022-07-19,110000,112000,108500,1214631,0.7285974499089253,36.43304316170501,6335308100,-2152498200,-3778405300,-404404600,110600
2022-07-20,113800,114200,109700,1383052,-0.6329113924050633,35.79231645958123,3743801300,408841200,10025995900,-14178638400,109900
2022-07-21,111100,115400,110200,1686917,4.640582347588717,43.5777782577933,28420935800,-373033300,-37784784700,9736882200,115000
2022-07-22,117100,119900,116100,1634500,2.2608695652173916,47.09942374123147,27327350900,684573900,-36401475500,8389550700,117600
2022-07-25,117700,120500,116800,644565,0.4251700680272109,47.77451007050667,7044827500,-391678700,1010936500,-7664085300,118100
2022-07-26,117500,118400,113200,783952,-0.6773920406435224,46.74660350937751,697328300,-245723200,5683071300,-6134676400,117300
2022-07-27,115900,117500,115100,505338,-0.08525149190110827,46.611599675974,-407388600,-291612200,-4689038400,5388039200,117200
2022-07-28,119100,119900,116500,818259,1.4505119453924915,49.29262415596334,-1663058300,221410600,-14767236200,16208883900,118900
2022-07-29,120000,120700,118500,610438,0.42052144659377627,50.086545118576524,10198675700,-646791400,-14439777500,4887893200,119400
2022-08-01,119400,127900,118700,1734729,6.95142378559464,61.00198823155323,27157950200,196852200,-68154961300,40800158900,127700
2022-08-02,128000,128000,124200,823652,-1.7227877838684416,57.417732033659405,-2094636600,855575400,14531635400,-13292574200,125500
2022-08-03,124800,128500,124800,1000161,1.593625498007968,59.73398356480485,17534654500,-330536700,-15843084200,-1361033600,127500
2022-08-04,129500,133500,127300,1554544,0.39215686274509803,60.315157704829154,-9103801400,-335195900,-8841005400,18280002700,128000
2022-08-05,129500,131500,121400,2022989,-3.125,53.64451596599691,-21017348000,2341269700,49526485700,-30850407400,124000
2022-08-08,121800,124300,121000,1181132,-1.935483870967742,50.06663808997154,-13220133200,-1457430700,13175826900,1501737000,121600
2022-08-09,122600,123900,121200,926430,1.3980263157894737,52.48410987551137,-3182360000,611593000,-2264256800,4835023800,123300
2022-08-10,122000,124700,121500,716593,-0.7299270072992701,51.07432921089759,-7421287600,159836300,-1662897500,8924348800,122400
2022-08-11,125200,125200,119100,1394924,-0.8169934640522877,49.48384512945978,-13999085900,1690007500,32727188000,-20418109600,121400
2022-08-12,120700,121000,116500,998978,-2.3887973640856672,45.09787734272965,-17846098200,-711431900,30244761000,-11687230900,118500
2022-08-16,119400,119600,117400,784273,-0.33755274261603374,44.511841422197854,-7812545300,-37758700,11723027700,-3872723700,118100
2022-08-17,117800,119600,116800,729290,0.9314140558848433,46.56813831316973,1546630100,-522996100,4305641000,-5329275000,119200
2022-08-18,118100,119800,117400,717126,-1.2583892617449663,44.16464190743374,-3967621200,2831322500,9751134400,-8614835700,117700
2022-08-19,118200,118500,113500,994546,-3.143585386576041,38.8395841727779,-12630157300,1408247600,22256367800,-11034458100,114000
2022-08-22,112000,115600,111900,694416,-0.8771929824561403,37.52276131245205,-10228339500,1427151700,-1686743200,10487931000,113000
2022-08-23,112200,112600,110600,609277,-1.3274336283185841,35.574413547778605,3343930200,918294500,-4405861200,143636500,111500
2022-08-24,114400,116400,111600,899069,3.4080717488789234,43.568523563775216,10590510500,116857000,499458900,-11206826400,115300
2022-08-25,115500,116900,113700,575412,0.9540329575021683,45.670096401162716,7861192600,237623600,-12367711500,4268895300,116400
2022-08-26,117300,117800,113800,538908,-1.8900343642611683,42.278838921401686,53787100,173984000,339592700,-567363800,114200
2022-08-29,109500,113600,109500,643984,-2.0140105078809105,39.01693042419057,-1103617600,15597600,-2158271700,3246291700,111900
2022-08-30,111700,114200,111700,502527,0.17873100983020554,39.45437029588082,4172097000,127706900,2313452600,-6613256500,112100
2022-08-31,110900,112200,108800,925974,0.08920606601248886,39.68732546945502,-11187417300,-762078700,2273448000,9676048000,112200
2022-09-01,110200,110700,106600,961890,-4.991087344028521,32.21270053843817,-25789620900,-135373000,37820976100,-11895982200,106600
2022-09-02,107400,108400,106000,456087,-0.46904315196998125,31.639723896244618,35739500,830732400,-1025389500,158917600,106100
2022-09-05,103200,105700,102500,989839,-3.016022620169651,28.184439190487396,-1627058200,-440054800,-21723093300,23790206300,102900
2022-09-06,102900,106400,102900,590916,0.8746355685131195,30.48383724045223,7513568100,-1293511200,-9687479400,3467422500,103800
2022-09-07,103800,106300,101200,829732,0.48169556840077066,31.790467919546316,68969800,439069500,3980847400,-4488886700,104300
2022-09-08,106500,108500,105200,924757,3.547459252157239,40.67654185095241,17657179100,-1789598100,-12092862500,-3774718500,108000
2022-09-13,110400,111300,107200,1038789,0.3703703703703704,41.56287429950179,15166637000,-1279208500,-6035474200,-7851954300,108400
2022-09-14,104900,109100,102500,2213602,-1.2915129151291513,39.34705109244933,-2377643600,-3283626100,-5960482500,11621752200,107000
2022-09-15,107100,107400,103200,1396055,-3.177570093457944,34.5321369035329,-9521774400,927530100,23466225200,-14871980900,103600
2022-09-16,102200,103500,99500,1512218,-3.7644787644787647,29.997597235714665,-1177271300,-2577725600,18128426800,-14373429900,99700
2022-09-19,99800,102300,99500,1062995,0.3009027081243731,30.75089254422599,8623800700,409677100,-20082548600,11049070800,100000
2022-09-20,101600,105000,101200,971771,2.0,35.71727348758344,7963642800,-496173200,-7473170200,5700600,102000
2022-09-21,101400,105000,101000,918979,1.9607843137254901,40.32614525374117,5344523800,-1319604900,-6185171900,2160253000,104000
2022-09-22,102900,108600,102600,1131140,3.75,48.135104212389614,12569219400,-913018700,-20102553000,8446352300,107900
2022-09-23,107900,107900,100100,1600551,-6.302131603336422,38.6404314088401,-3872863300,3246428800,52177466700,-51551032200,101100
2022-09-26,98000,99700,92300,1585907,-8.704253214638971,30.308570926861876,8538657000,1615728000,-3827096900,-6327288100,92300
2022-09-27,92300,95600,90100,1161641,3.0335861321776814,35.10349128832088,11263869700,-607330500,-7750731800,-2905807400,95100
2022-09-28,94500,97600,91900,1060251,-3.1545741324921135,32.52168874652013,2960407600,2527177000,-11922312900,6434728300,92100
2022-09-29,95200,95400,90800,864850,-1.4115092290988056,31.442502031645404,4578627300,-139423100,-581024800,-3858179400,90800
2022-09-30,89000,91600,86900,998231,-2.973568281938326,29.27004131523394,377053600,906129500,-2875387700,1592204600,88100
2022-10-04,89600,92600,88700,778671,4.880817253121453,36.76364989447718,6082348000,260265300,-15059273800,8716660500,92400
2022-10-05,95500,95600,91300,721098,-1.0822510822510822,35.81337537866776,-4364160000,751124400,12197574600,-8584539000,91400
2022-10-06,92500,96800,92500,935919,5.798687089715536,44.065582731132444,14349054500,-577034900,-21506213600,7734194000,96700
2022-10-07,95100,99100,94100,732747,0.3102378490175801,44.500537840459124,5254297200,616560200,-5309776400,-561081000,97000
2022-10-11,95000,99100,95000,821592,1.443298969072165,46.58789366517653,2682125100,531343000,-6238979800,3025511700,98400
2022-10-12,99600,101200,98400,866789,1.1178861788617886,48.23526329742655,10796485900,1587421300,6448354100,-18832261300,99500
2022-10-13,99800,104800,99600,1234173,5.226130653266332,55.26017645317157,15676197600,-3324560700,-26224069400,13872432500,104700
2022-10-14,106300,106900,104200,971419,0.09551098376313276,55.38556667515465,10513017100,1702979100,10077430600,-22293426800,104800
2022-10-17,103800,109200,103600,1346295,4.103053435114504,60.51066669022829,4675165600,-1217885300,-17354153300,13896873000,109100
2022-10-18,110600,112400,102500,2818643,-3.9413382218148487,53.84891276726579,-27446646800,5887871900,63542470200,-41983695300,104800
2022-10-19,105300,109300,104900,1947701,1.3358778625954197,55.56418882069749,-4568656200,1502325400,-31743588900,34809919700,106200
2022-10-20,105200,105200,100800,1381990,-3.954802259887006,49.60749443978501,-14571968500,3269446500,24714013500,-13411491500,102000
2022-10-21,103700,109200,103100,2228353,4.313725490196078,55.044739729939714,17214657800,321842900,-25185389700,7648889000,106400
2022-10-24,107900,108300,105800,1019201,0.5639097744360901,55.745951564917846,10970437300,1629707800,-2941581600,-9658563500,107000
2022-10-25,107300,108900,102300,1193901,-3.2710280373831773,50.77103068321752,-5647927700,1659875500,22829375900,-18841323700,103500
2022-10-26,104300,105400,103200,615216,-0.1932367149758454,50.49372619379496,495255700,2233060100,-12708705800,9980390000,103300
2022-10-27,104600,110900,103500,2173083,7.357212003872217,59.53770800987189,25542530100,-1460126300,-67270048900,43187645100,110900
2022-10-28,109900,115300,108900,1843591,3.1559963931469794,62.8991273978486,-937663600,-448386200,-32108078700,33494128500,114400
2022-10-31,116700,117000,113200,961283,0.6118881118881119,63.551309431517105,1638601900,2121451200,1122260800,-4882313900,115100
2022-11-01,116400,117900,114500,933663,0.3475238922675934,63.941377565088075,-125602400,15264000,11564842800,-11454504400,115500
2022-11-02,115200,115900,108100,1796121,-5.021645021645021,54.78591761432421,-26828577600,3955882400,42049506500,-19176811300,109700
2022-11-03,106800,111900,106700,1001247,1.7319963536918872,56.96002256217562,-7031371200,110489600,-7714892000,14635773600,111600
2022-11-04,111000,112700,108700,816114,-1.4336917562724014,54.57994588350328,-6290181400,-450893700,7820292300,-1079217200,110000
2022-11-07,110100,110200,107300,827471,-1.1818181818181819,52.65478643601483,-11150867100,262014100,12594994500,-1706141500,108700
2022-11-08,108900,109500,104600,971591,0.09199632014719411,52.79272441940776,2805306000,983628400,-9006994200,5218059800,108800
2022-11-09,109400,109800,107500,737451,0.2757352941176471,53.23292834168847,-2969661500,396480800,9850330700,-7277150000,109100
2022-11-10,107100,109700,106800,899600,-2.016498625114574,49.581594288850404,-4676817900,-52899300,28363458300,-23633741100,106900
2022-11-11,111700,112900,109000,1752384,3.4611786716557527,55.15304048964904,30944150700,-1390535700,-32555062100,3001447100,110600
2022-11-14,112000,117000,111800,2325025,4.61121157323689,61.47278578928855,1264966700,-3511307900,-40138387700,42384728900,115700
2022-11-15,117400,118800,115000,1164795,0.7778738115816767,62.47766405985412,3378526800,592475900,6959637000,-10930639700,116600
2022-11-16,116800,116800,111100,1381227,-3.516295025728988,55.389998283531035,-11837037700,1650323900,49393015800,-39206302000,112500
2022-11-17,112500,112500,109700,575393,-1.511111111111111,52.71945801396416,-2776339400,768547500,5942524300,-3934732400,110800
2022-11-18,110800,111600,109000,622197,-1.3537906137184115,50.409992745059306,-6466290900,900013200,16440147100,-10873869400,109300
2022-11-21,109300,109300,104800,1107684,-3.568161024702653,44.90232922760562,-18533293800,1275976800,24625979000,-7368662000,105400
2022-11-22,105100,106100,102300,735515,-2.7514231499051234,41.28979809637683,-3200756600,981612600,13477161700,-11258017700,102500
2022-11-23,103600,105400,103100,588936,2.731707317073171,45.82201122219118,7826813300,-40556500,-877491800,-6908765000,105300
2022-11-24,107200,108800,106700,633634,3.323836657169991,50.92209661810811,7941339000,-114800100,-16014269400,8187730500,108800
2022-11-25,109500,114900,108500,1504283,4.227941176470589,56.6923356244227,5601060900,-3225477600,-52299045900,49923462600,113400
2022-11-28,113300,113300,108900,790658,-3.439153439153439,51.19643375654088,-11919392300,754992100,10421916100,742484100,109500
2022-11-29,109000,111000,108300,469756,0.91324200913242,52.46880381419857,7580942700,-268462100,-895988600,-6416492000,110500
2022-11-30,109700,113800,107500,1085218,2.986425339366516,56.49928501875164,14423428500,-3900420200,-23181767100,12658758800,113800
2022-12-01,116100,117000,114600,1069289,1.1423550087873462,58.00985089186418,20468830400,-1754267900,-48304317900,29589755400,115100
2022-12-02,115300,115400,109500,1426106,-4.5178105994787146,50.461560114185076,-24080845600,2655592400,74990177500,-53564924300,109900
2022-12-05,110000,110900,106000,878090,-2.9117379435850776,46.45551810881578,-8327839700,587090800,25942853600,-18202104700,106700
2022-12-06,105000,105900,103700,787926,-2.1555763823805063,43.76611814435051,-13246641000,2251081700,22981897400,-11986338100,104400
2022-12-07,103100,106000,103100,596945,0.5747126436781609,44.66606678658853,-2520021000,179808500,8495225400,-6155012900,105000
2022-12-08,104700,105600,103300,604990,-1.4285714285714286,42.82104452453798,-10406085500,240985100,5928646000,4236454400,103500
2022-12-09,104500,105000,99100,1493777,-2.4154589371980677,39.865392025932756,-6948998400,1147835400,47671107700,-41869944700,101000
2022-12-12,99500,101700,98900,617474,0.39603960396039606,40.57218229838992,7802751800,-6054600,-2403176100,-5393521100,101400
2022-12-13,100900,102300,100000,529918,0.8875739644970414,42.21779411957527,8336503100,1248030600,-5343321400,-4241212300,102300
2022-12-14,102200,105000,101400,596056,2.1505376344086025,46.14369242199989,6280972600,1282416400,-8822816100,1259427100,104500
2022-12-15,103000,105500,101700,474988,-2.3923444976076556,42.60150240605916,-5369095800,1298448600,6743661900,-2673014700,102000
2022-12-16,100100,102100,99800,451806,-0.9803921568627451,41.23786058645394,-2190132400,2785643300,-2402902400,1807391500,101000
2022-12-19,100100,101800,99500,378458,-0.7920792079207921,40.13115593378602,1226615900,398810700,-3221895000,1596468400,100200
2022-12-20,100200,101500,99300,427319,-0.499001996007984,39.419111426360374,-2681170400,222831800,3679188400,-1220849800,99700
2022-12-21,100200,101300,99300,452332,0.10030090270812438,39.64974327089466,51956300,243660400,-2790404800,2494788100,99800
2022-12-22,100700,101800,99900,396889,1.402805611222445,42.925691363668776,6502578300,560457700,-11261274000,4198238000,101200
2022-12-23,98900,99700,96400,800150,-4.150197628458498,36.52089608169344,-284979300,458239700,2707883300,-2881143700,97000
2022-12-26,96600,98000,95900,570527,0.30927835051546393,37.24120566621932,11167750400,47048300,-23038513700,11823715000,97300
2022-12-27,97600,99200,96900,887137,0.6166495375128468,38.738444574223195,17988815400,-2221810800,-23256508300,7489503700,97900
2022-12-28,97000,97800,91500,1388923,-5.822267620020429,31.138330298292303,-24811075000,1346636300,47190917500,-23726478800,92200
2022-12-29,92000,93300,90900,543767,-0.10845986984815618,31.023336010492855,-2912519000,961469200,-4299815600,6250865400,92100
2023-01-02,93100,96200,93100,710596,1.4115092290988056,34.41426260330603,-219014800,430887800,5354399300,-5566272300,93400
2023-01-03,93400,94300,91600,470258,-0.21413276231263384,34.1362253270716,330104000,44618900,3268030100,-3642753000,93200
2023-01-04,91000,94400,90100,463744,1.1802575107296138,37.14408838183663,1864773000,-111104800,-481292700,-1272375500,94300
2023-01-05,95100,96200,92500,441784,-1.6967126193001063,34.66434669383901,-4035831700,-79631600,12756893800,-8641430500,92700
2023-01-06,92000,94700,91100,447567,2.157497303128371,40.051846257204446,12967438400,-73386700,-12720613100,-173438600,94700
2023-01-09,96000,97500,95000,475897,2.956705385427666,46.68064204748744,1849179000,-140954400,-10121331600,8413107000,97500
2023-01-10,98700,99800,96500,534966,-1.0256410256410255,44.77634741494484,-8542199500,312926500,9164868600,-935595600,96500
2023-01-11,97800,99900,97300,485214,3.5233160621761654,51.95307585583635,6597477400,-302761200,-18984526400,12689810200,99900
2023-01-12,101000,101200,99100,449188,0.3003003003003003,52.53916513813641,700243400,925057100,831716600,-2457017100,100200
2023-01-13,100900,100900,99500,361081,-0.39920159680638717,51.634758463038125,-1961316400,-22164300,5043859200,-3060378500,99800
2023-01-16,100000,101000,99900,365996,0.501002004008016,52.7301256719451,-88416100,141315400,3849212400,-3902111700,100300
2023-01-17,100100,101000,98800,424922,-0.897308075772682,50.51252843855113,-7456320900,-223055900,-455180900,8134557700,99400
2023-01-18,99800,100500,98100,352302,-0.5030181086519114,49.27275343735503,-201379900,10505900,2832515900,-2641641900,98900
2023-01-19,98800,99000,97000,399268,-1.4155712841253791,45.877397886090996,-4343546100,163980500,7195640100,-3016074500,97500
2023-01-20,97500,99500,97100,381727,1.948717948717949,50.82953842043386,681677200,853500,-7442043200,6759512500,99400
2023-01-25,100600,101800,100400,572531,2.3138832997987926,56.069621319542605,5143027700,-345810400,-18529657100,13732439800,101700
2023-01-26,102700,105500,101400,1161366,3.638151425762045,62.916240864239676,6913166700,220798700,-28746908700,21612943300,105400
2023-01-27,107200,107300,103900,748283,-1.0436432637571158,59.926026161160976,-8647683800,289386600,12062080200,-3703783000,104300
2023-01-30,105000,106200,102400,663096,-0.862895493767977,57.51737891564069,-5006307100,318642600,6278753000,-1591088500,103400
2023-01-31,100500,101300,99000,1324971,-3.481624758220503,49.02848894545039,-5352400500,721726300,38142007300,-33511333100,99800
2023-02-01,101000,109600,100800,2337574,9.418837675350701,63.97806536570413,26003646200,1097205700,-98731926600,71631074700,109200
2023-02-02,110400,114400,110400,1879935,4.395604395604396,68.98102391044506,34798058600,-1399475400,-52336392400,18937809200,114000
2023-02-03,113600,116200,112000,1513973,0.08771929824561403,69.07738009585881,-495010600,-1390601600,-15907088700,17792700900,114100
2023-02-06,113600,120400,113100,2397142,4.031551270815075,73.20128486604884,2464684500,2041395500,-52659987500,48153907500,118700
2023-02-07,119500,126300,118800,2357801,2.611625947767481,75.56618185569289,1367251300,-239770400,-32594187300,31466706400,121800
2023-02-08,123600,124600,119700,1571643,0.16420361247947454,75.71507953428413,-14753005600,321470500,10094179100,4337356000,122000
2023-02-09,121600,131400,120700,3910409,7.131147540983607,81.10823620743787,-36312027000,-125612800,-66457268500,102894908300,130700
2023-02-10,135400,139700,128700,2873415,1.5302218821729152,82.09276905954005,-18139515500,339723500,18741238100,-941446100,132700
2023-02-13,132600,142500,130400,3447025,4.747550866616428,84.78296010021604,-45279710400,1329558400,25872139200,18078012800,139000
2023-02-14,141900,142300,134300,2241781,1.079136690647482,85.3473838167732,-10491502600,-1828498500,-13156211300,25476212400,140500
2023-02-15,142500,149000,139500,3489156,0.42704626334519574,85.57781999360861,-54051009500,4420879000,25882174300,23747956200,141100
2023-02-16,145500,149000,140800,2350333,4.5357902197023385,87.78458944168648,612154800,1333871200,-40103810200,38157784200,147500
2023-02-17,144000,149100,140500,2554317,-0.47457627118644063,86.23045186133687,-29140912900,-1009283300,14437512200,15712684000,146800
2023-02-20,147100,149300,142600,2058218,0.3405994550408719,86.41545240608835,-5877227900,709222200,38084270000,-32916264300,147300
2023-02-21,147300,161700,144900,4616237,9.164969450101832,90.23160023897265,-21575430000,181693500,-24650047500,46043784000,160800
2023-02-22,159100,168000,153000,4546902,-0.18656716417910446,89.62903937358186,-36630223000,1971831900,121358547700,-86700156600,160500
2023-02-23,163000,164200,150600,3029756,-3.3021806853582554,79.5252021183292,-3337738600,1034520900,58153763200,-55850545500,155200
2023-02-24,155200,161100,155200,2302622,2.6417525773195876,81.28299102617954,-7440443000,1529916300,-24370736200,30281262900,159300
2023-02-27,158000,169500,156700,3737868,4.708097928436912,83.99059092024598,-6607972500,1485543300,8026678700,-2904249500,166800
2023-02-28,168200,169300,163000,2648559,-0.2997601918465228,83.12724497941353,-2226277400,-979327300,37143631000,-33938026300,166300
2023-03-02,166600,171200,158100,3110187,-3.96873120865905,72.52920089286962,-53900704900,40815100,40361034000,13498855800,159700
2023-03-03,161600,182600,161400,5116799,14.026299311208515,81.26118894627513,8667077100,-6253674200,-135837117400,133423714500,182100
2023-03-06,199800,217000,192500,8059503,19.16529379461834,87.77908720472513,-77974171400,-1716095300,178943241700,-99252975000,217000
2023-03-07,208000,216500,201500,4372985,-5.299539170506913,78.13485907571587,-26392577500,3365169500,63487309500,-40459901500,205500
2023-03-08,199400,215500,199400,3677052,1.70316301703163,78.89486915302486,-8008868700,4889831300,23910232700,-20791195300,209000
2023-03-09,215000,215500,197100,2913212,-1.9138755980861244,75.65819002092805,-16505674700,3459089900,72437248300,-59390663500,205000
2023-03-10,196100,203000,193100,2456200,-5.560975609756098,67.19701960701289,-79565571200,9445079100,23159824200,46960667900,193600
2023-03-13,190400,205500,190300,3398373,4.855371900826446,70.16032411644466,-16973763000,-7763669400,-6653829400,31391261800,203000
2023-03-14,210000,211500,193300,3476619,-3.201970443349754,65.73800876102146,-55263551100,-1696219100,89343404200,-32383634000,196500
2023-03-15,206500,214000,200500,4072893,8.9058524173028,71.03202876731062,20854801000,-10130274500,-29641415000,18916888500,214000
2023-03-16,223500,229500,211000,4006835,0.9345794392523363,71.57264131086441,-26868453500,-1023658500,130293725000,-102401613000,216000
2023-03-17,217000,218000,199200,3388296,-7.4074074074074066,61.658882332588796,-6847072900,-1745544300,67006833300,-58414216100,200000
2023-03-20,184600,204500,181400,3452514,2.0,63.037296512154114,-17751658900,-137091000,-41447241600,59335991500,204000
2023-03-21,204000,208500,197300,2193086,0.24509803921568626,63.21531972934645,-7487563300,1084655500,35122605300,-28719697500,204500
2023-03-22,209500,215500,204000,2700971,4.400977995110025,66.356357208859,12595052000,-4816401500,-49389811500,41611161000,213500
2023-03-23,212500,262500,210000,9261725,10.070257611241217,72.41596553437877,-10690519000,1603560000,-97796332500,106883291500,235000
2023-03-24,245000,245500,225000,4120060,-0.851063829787234,71.13249529372769,-43871141500,13773309500,175867373000,-145769541000,233000
2023-03-27,233000,238500,223500,2796705,-3.004291845493562,66.67811281818001,-16874122000,6353944500,125944136000,-115423958500,226000
2023-03-28,227500,229500,213000,2762048,-0.8849557522123894,65.41764715265269,38673461000,-1653321000,11999589000,-49019729000,224000
2023-03-29,222500,235500,219000,3256078,4.017857142857143,68.31987683283063,-11075390000,2260339000,25880190000,-17065139000,233000
2023-03-30,235500,239000,223000,2578123,-2.7896995708154506,64.1336864438052,-28527710000,313254000,80765941500,-52551485500,226500
2023-03-31,218500,225000,216000,1796010,-0.8830022075055187,62.85745333959601,-5268365000,-5383536500,-17924647500,28576549000,224500
2023-04-03,231000,236500,222000,2608823,3.34075723830735,65.62032975600903,-6828688500,2429672000,-6964908500,11363925000,232000
2023-04-04,232000,238500,221500,1915939,-3.2327586206896552,60.753504014713016,-3635057000,791245000,59586288500,-56742476500,224500
2023-04-05,224500,237000,220000,2132786,4.67706013363029,64.70067964358896,43021880500,-3701953000,-94013078000,54693150500,235000
2023-04-06,233000,247500,230000,2352283,5.319148936170213,68.73235975640306,26829844500,454862000,-61625598500,34340892000,247500
2023-04-07,251500,261500,245000,3446298,4.040404040404041,71.53346249736279,16608351000,411851000,5129907000,-22150109000,257500
2023-04-10,258000,315500,257500,9194122,13.592233009708737,78.71924034469232,-97536152000,-3002755000,87236741500,13302165500,292500
2023-04-11,302000,308500,282000,4639599,0.6837606837606838,79.04476088426382,-24146660500,-14352711500,54021755500,-15522383500,294500
2023-04-12,290000,304000,276000,4427300,-6.281833616298811,68.59283254505982,-16025263500,-32647154500,23653553000,25018865000,276000
2023-04-13,261500,278000,250000,4702433,-2.717391304347826,64.8491269750536,658193000,-2110239500,-8592499500,10044546000,268500
2023-04-14,276500,282000,266000,2308384,3.35195530726257,67.16505556082816,7061872500,-10360027000,1409042000,1889112500,277500
2023-04-17,278500,295000,274500,2601181,5.9459459459459465,70.94461977777033,-30147583000,-2267299500,23196976000,9217906500,294000
2023-04-18,297000,300000,286500,2416820,0.6802721088435374,71.37473585925132,-13007529000,-6457429500,39909391000,-20444432500,296000
2023-04-19,294000,304500,290000,1774759,-0.6756756756756757,70.25473234733045,-8493003500,-6903748000,-4940809500,20337561000,294000
2023-04-20,289000,300500,289000,1359064,0.0,70.25473234733045,-5120628000,6952752500,-8068503000,6236378500,294000
2023-04-21,294000,297500,272500,2095094,-7.312925170068027,58.75921133784589,-6580108500,-4889696000,56282672500,-44812868000,272500
2023-04-24,264000,280000,264000,1686722,-0.5504587155963303,58.04560304886179,-5086870500,-6177913000,-22696526500,33961310000,271000
2023-04-25,274500,275500,248500,2949117,-6.4575645756457565,50.361179503634865,11981729000,-8041066000,43163890500,-47104553500,253500
2023-04-26,252500,255500,242500,2117088,-4.339250493096647,46.21923706886953,-5432408000,1789132500,4768233500,-1124958000,242500
2023-04-27,241500,271000,238500,2973374,11.134020618556702,55.82333999566698,8820800500,-8073913000,-12347880500,11600993000,269500
2023-04-28,281000,282500,261000,2651234,-0.927643784786642,54.84668503896929,-7950494000,-4115114500,79252886500,-67187278000,267000
2023-05-02,268500,276500,259500,1515819,0.0,54.84668503896929,-2440644500,1322616500,49695520500,-48577492500,267000
2023-05-03,262500,263000,247500,1559531,-6.5543071161048685,48.025433819384595,-8159756000,2313116500,40840297000,-34993657500,249500
2023-05-04,246000,254000,244000,1110726,0.2004008016032064,48.22356937058278,6580710500,-160015500,-7341242500,920547500,250000
2023-05-08,252000,253000,241500,1072455,-3.2,45.25117737045721,9057387500,-875324000,-4339155000,-3842908500,242000
2023-05-09,239000,243500,227500,1983567,-2.066115702479339,43.448626682753286,13424595500,-1180803000,-45867424500,33623632000,237000
2023-05-10,238000,241000,229000,1108230,-2.320675105485232,41.49074602996958,11801898000,473680500,14903084500,-27178663000,231500
2023-05-11,235000,239000,216000,1939354,-4.103671706263499,38.2818975067944,32793732000,-3919037500,-40322460000,11447765500,222000
2023-05-12,218500,233000,217500,1566785,2.4774774774774775,41.12100682484178,-1897599500,82769500,12193858000,-10379028000,227500
2023-05-15,226000,227000,212500,1751134,-1.7582417582417582,39.69098262876634,25740922500,-954131000,-21119287000,-3667504500,223500
2023-05-16,225000,231500,221500,1141807,2.460850111856823,42.644516611317975,-10488541000,1211401000,9110782000,166358000,229000
2023-05-17,225000,233000,223000,686613,1.3100436681222707,44.24835517963458,11300186500,435378000,5736985000,-17472549500,232000
2023-05-18,236500,236500,229000,762522,-0.21551724137931033,44.0273807654528,-5985964500,431242500,39808959000,-34254237000,231500
2023-05-19,232000,232500,223000,662072,-2.159827213822894,41.78038634182361,5508930000,-51382000,-12990843500,7533295500,226500
2023-05-22,225500,236500,221000,762129,4.415011037527594,47.54632173873279,3812791500,-223484000,-39245601500,35656294000,236500
2023-05-23,239500,246500,236500,935974,2.9598308668076108,51.19040569584034,6380278500,-639329500,6778084000,-12519033000,243500
2023-05-24,248500,250500,243500,903966,1.0266940451745379,52.46066441865716,-20859952500,237641000,43867559500,-23245248000,246000
2023-05-25,242500,249500,240500,565982,-1.0162601626016259,51.03045026470496,-1136586000,29906500,8482360500,-7375681000,243500
2023-05-26,245500,246500,235000,667433,-2.2587268993839835,47.93430663778724,-7257519500,-240777500,17029075500,-9530778500,238000
2023-05-30,240000,241500,230000,793334,0.42016806722689076,48.54558126431384,16603546000,394358500,-9008458500,-7989446000,239000
2023-05-31,239500,250000,239000,1082099,4.184100418410042,54.32102959084037,9565739000,274394000,-34784757000,24944624000,249000
2023-06-01,249500,252000,244500,667845,0.2008032128514056,54.595450428363314,-5399908500,528641000,14354055000,-9482787500,249500
2023-06-02,249500,257000,248000,746706,2.2044088176352705,57.612068778147716,19105697000,-232303000,-10373573000,-8499821000,255000
2023-06-05,258000,259000,252500,626160,0.9803921568627451,58.94720545127868,12246878500,1580069000,5653205000,-19480152500,257500
2023-06-07,258000,271000,257000,1226036,4.854368932038835,64.90028612614545,1416315000,-284756500,-39100687500,37969129000,270000
2023-06-08,270000,274000,263500,1150058,-0.9259259259259258,62.9346481688725,16817956500,-58304000,19003089500,-35762742000,267500
2023-06-09,274500,275500,265500,898687,-0.1869158878504673,62.52676334597985,-18355000500,344020500,46726598500,-28715618500,267000
2023-06-12,268000,270500,265500,729029,0.5617977528089888,63.29531866608537,-1287747000,271885500,-15195871500,16211733000,268500
2023-06-13,271500,285000,266000,1659227,5.400372439478584,69.75325793771428,-3333346500,5600518500,-71019791500,68752619500,283000
2023-06-14,284000,287500,254000,2308685,-10.247349823321555,50.58415858901122,-30258975500,1506033000,133980255000,-105227312500,254000
2023-06-15,258000,266000,254000,1416683,1.7716535433070866,52.75387323948438,-24974295500,354250500,52327572000,-27707527000,258500
2023-06-16,259000,266000,253000,1144214,2.9013539651837523,56.20524661823293,35180252500,-296105500,-33590208000,-1293939000,266000
2023-06-19,266500,270000,263000,837631,0.37593984962406013,56.65985714992785,13170399000,-730793500,16678337000,-29117942500,267000
2023-06-20,263000,272500,260500,680495,-1.8726591760299627,53.66050897669855,-1735805000,1520107500,10036211000,-9820513500,262000
2023-06-21,263500,271500,260000,701772,-0.19083969465648853,53.356334981927894,-3222441500,769550500,12657190500,-10204299500,261500
2023-06-22,258000,266500,256000,531586,1.338432122370937,55.26781654953277,27618987500,-660366000,-30929464000,3970842500,265000
2023-06-23,267000,269000,262500,436861,-0.7547169811320755,53.90831459717231,16144670000,297098000,9348469000,-25790237000,263000
2023-06-26,263500,266000,261000,362609,-0.5703422053231939,52.85813088812306,7408808500,-259272000,-936299000,-6213237500,261500
2023-06-27,261000,261000,248000,772954,-2.676864244741874,48.14457812720358,-18119492500,1319460000,43432288000,-26632255500,254500
2023-06-28,255500,258000,242000,909749,-4.518664047151278,41.58393208785652,-16412318000,1508262000,24778549500,-9874493500,243000
2023-06-29,243000,247500,238500,686811,-0.823045267489712,40.54903635053486,-10818388000,-90871500,6197838500,4711421000,241000
2023-06-30,242000,252000,238000,644888,3.319502074688797,46.305377366561046,9686035000,-729414000,-1061833000,-7894788000,249000
2023-07-03,254000,270000,250500,1749721,5.8232931726907635,54.840329321115675,9738314500,-1995296000,6143162000,-13886180500,263500
2023-07-04,271000,297500,266000,4655997,4.174573055028463,60.03078271815387,-31530370500,2230353000,16172418500,13127599000,274500
2023-07-05,277000,283500,275500,1595113,2.5500910746812386,62.94916741713449,-361151500,-214659000,-37636611500,38212422000,281500
2023-07-06,283000,284000,273500,1370915,-2.3090586145648313,58.66564773967937,-37963190500,10085511500,19714723000,8162956000,275000
2023-07-07,272500,280000,271500,1036721,1.8181818181818181,60.87135039926102,-3425682500,2161806000,16296136000,-15032259500,280000
2023-07-10,283500,295500,277500,2544029,1.7857142857142856,62.99776743219926,5200063500,1150950000,-22582767000,16231753500,285000
2023-07-11,291500,298000,285500,1752416,3.508771929824561,66.87501835351831,6812407000,1354766500,-29567086500,21399913000,295000
2023-07-12,295000,296000,276000,2197894,-5.423728813559322,56.64727805525732,-31890747500,6658409000,133444072000,-108211733500,279000
2023-07-13,276000,284500,270500,1406043,0.8960573476702508,57.73495963869541,29884539000,-233898000,-13611091000,-16039550000,281500
2023-07-14,281500,284500,277000,935951,0.0,57.73495963869541,289004500,-3979569500,-16222060000,19912625000,281500
2023-07-17,281500,283000,275500,996912,-0.8880994671403196,56.10251996669167,-10398091000,-375279000,21375731500,-10602361500,279000
2023-07-18,282500,326500,279500,5966121,16.845878136200717,72.0834617610514,-4290231000,-3628645500,-282488872000,290407748500,326000
2023-07-19,330000,361000,328000,5892304,10.736196319018406,78.39203913676268,-28492262500,-2887582500,-178754325500,210134170500,361000
2023-07-20,347000,366000,338000,3226383,0.41551246537396125,78.61508048884538,-6542255000,-1551115500,60402274000,-52308903500,362500
2023-07-21,348500,389500,347500,4012520,5.241379310344827,81.25453854877712,-10058842500,-39632000,-82661798500,92760273000,381500
2023-07-24,385000,414000,384500,4135995,6.028833551769332,83.85269919225338,17110291500,765073000,-59634320000,41758955500,404500
2023-07-25,408500,485000,391500,5442923,14.215080346106305,88.2407686318824,24914645500,-2933626000,-58456106000,36475086500,462000
2023-07-26,483000,584000,428500,11089701,-1.5151515151515151,85.20510228214461,-18211723500,7279225000,-287856367000,298788865500,455000
2023-07-27,445000,451000,368000,6651740,-17.252747252747252,60.19556936596291,115147972500,-8869162000,-279649947000,173371136500,376500
2023-07-28,367000,409000,360000,4579184,8.233731739707835,64.6129159635379,-10333663500,6315458000,-53639606000,57657811500,407500
2023-07-31,414000,439000,409000,2250798,2.8220858895705523,66.11521246947447,-11278581500,2663323000,47614687500,-38999429000,419000
2023-08-01,425500,448500,394000,3357955,-2.5059665871121717,63.46593348721342,-59359909500,-2947973000,25259512000,37048370500,408500
2023-08-02,396000,412500,380500,1838944,-6.854345165238677,56.916308469879766,-5771658000,91214500,10112856500,-4432413000,380500
2023-08-03,387500,395000,372000,1530821,2.4967148488830486,58.481847992218064,9791117000,1125662000,-12386727000,1469948000,390000
2023-08-04,393500,396000,379000,973480,-2.435897435897436,56.279499516051,10123248000,-1598876000,19086916000,-27611288000,380500
2023-08-07,369500,372500,338500,2047494,-10.64388961892247,47.98343067130459,14974224000,-5407487000,-22509855000,12943118000,340000
2023-08-08,340000,344500,327000,1550330,-0.29411764705882354,47.7960848097896,4194471000,-3902789500,-6041895000,5750213500,339000
2023-08-09,337000,353500,335500,1073489,1.3274336283185841,48.76550588700722,13275829000,1930295000,2581335500,-17787459500,343500
2023-08-10,340000,346500,333000,912235,-1.7467248908296942,47.49897143524432,15171380000,-16292028500,9764463000,-8643814500,337500
2023-08-11,341000,341500,320000,1043452,-4.148148148148148,44.588970127705245,-19470837000,-552662500,8424852500,11598647000,323500
2023-08-14,316500,325500,307000,932824,-1.7001545595054095,43.46244098798458,20376250500,431137500,-39447110500,18639722500,318000
2023-08-16,312000,318000,301500,1057135,-4.559748427672956,40.55350990092377,64515879500,231245500,-16667572000,-48079553000,303500
2023-08-17,303000,320000,298500,1546048,4.7775947281713345,44.5502301440502,9202001000,1001742500,35002649000,-45206392500,318000
2023-08-18,319500,327500,305500,1023213,-1.8867924528301887,43.25431981601843,9687118500,-118460500,59061541000,-68630199000,312000
2023-08-21,313500,336500,313500,1067372,5.128205128205128,47.62921356904892,21869618500,1410214000,-1964050000,-21315782500,328000
2023-08-22,335500,341500,327000,1300180,2.8963414634146343,50.08965797381428,16466020000,1222261000,9116639500,-26804920500,337500
2023-08-23,335500,336500,318000,1012929,-4.888888888888889,46.043543014368964,-1503013500,-2546323500,71281313000,-67231976000,321000
2023-08-24,326000,337000,318500,881759,3.894080996884735,49.37954966896813,23478101500,452215500,-35689504000,11759187000,333500
2023-08-25,324500,348500,324000,1136688,2.6986506746626686,51.6952914427509,15181191500,1691157000,-24143935500,7271587000,342500
2023-08-28,349000,349000,340000,656141,0.583941605839416,52.218406146756074,9181562500,1694485500,17150769500,-28026817500,344500
2023-08-29,342000,342500,325000,979750,-4.063860667634253,48.277173930986876,-2658207000,593589500,17586657000,-15522039500,330500
2023-08-30,334500,338000,322500,850021,-1.8154311649016641,46.652047985331265,-31006273000,-229394000,34672391000,-3436724000,324500
2023-08-31,326000,328000,318500,795872,0.0,46.65204798533126,-34979867500,-764737000,-17119343500,52863948000,324500
2023-09-01,320500,320500,308000,817093,-4.930662557781202,42.25316389998939,-24668740500,329624500,32080289000,-7741173000,308500
2023-09-04,303000,312500,302500,719380,-0.3241491085899514,41.986693984047434,-829768500,-1845645000,3288593000,-613179500,307500
2023-09-05,307500,310000,299500,801440,-0.3252032520325203,41.7034597660497,11804243500,-1083109500,-3240071500,-7481062500,306500
2023-09-06,312000,314500,300500,648114,-1.794453507340946,40.10117923050834,-5675254000,-50025500,38962253500,-33236974000,301000
2023-09-07,299000,302000,285500,1245717,-3.9867109634551494,36.78077760705216,3131051000,-103287000,52462121500,-55489885500,289000
2023-09-08,290000,299000,288000,790609,3.4602076124567476,41.15355287765632,22641133500,232916500,14069506000,-36943556000,299000
2023-09-11,301000,303000,286500,721585,-3.0100334448160537,38.56795036567517,-2655971500,290162500,21607970500,-19242161500,290000
2023-09-12,294500,297000,275000,1208260,-4.310344827586207,35.2549135130096,26611196000,-1369258000,3804625000,-29046563000,277500
2023-09-13,275000,280500,270500,801850,-0.9009009009009009,34.614482681231124,10919746000,132665500,-11609450000,557038500,275000
2023-09-14,276000,288000,274500,716570,3.6363636363636362,39.359725202998355,18048747500,83602500,-18071479500,-60870500,285000
2023-09-15,286000,287500,280000,697568,-1.7543859649122806,37.879473822943055,-21674305000,813071500,53297615500,-32436382000,280000
2023-09-18,280000,287500,276000,582615,0.0,37.879473822943055,-19387483500,338906500,4513551000,14535026000,280000
2023-09-19,280000,287500,278000,486652,-0.7142857142857143,37.229935089568194,-24216562500,1654651500,27169687000,-4607776000,278000
2023-09-20,279500,290500,279000,688258,4.496402877697841,43.72497083939628,12955573500,1936904500,-16819651500,1927173500,290500
2023-09-21,289500,292500,279000,636305,-2.753872633390706,40.81421940444142,-7736315500,1250469000,50751386000,-44265539500,282500
2023-09-22,276000,289000,271000,566136,1.592920353982301,43.10841699860168,15813876000,32344000,-30956100500,15109880500,287000
2023-09-25,287500,288000,260500,1259365,-8.885017421602788,34.86180349627446,-2930294500,-1347957500,95631537500,-91353285500,261500
2023-09-26,260500,267000,254000,850834,-2.676864244741874,32.99579057406311,5716764000,320872000,602691000,-6640327000,254500
2023-09-27,251000,256000,243500,1144937,-0.5893909626719057,32.59319441619738,14832045000,-168960500,8132869000,-22795953500,253000
2023-10-04,249500,249500,234000,1012455,-7.114624505928854,28.15388559010495,11032118500,728487000,27359783000,-39120388500,235000
2023-10-05,239000,243000,232500,674090,-0.6382978723404255,27.81390522268987,12422563500,9763500,-3988237500,-8444089500,233500
2023-10-06,232500,239000,232500,351511,0.8565310492505354,29.044249115267277,303168500,41599500,-2863420000,2518652000,235500
2023-10-10,235500,237500,221000,856672,-5.3078556263269645,26.055205983187278,7476390000,-954238000,-8538153000,2016001000,223000
2023-10-11,228500,247500,225500,991492,9.192825112107624,37.42829746108,9981197500,624228500,18967865500,-29573291500,243500
2023-10-12,249000,261000,245000,1136493,4.312114989733059,42.3216227145052,-13337926500,4106736500,60459830000,-51228640000,254000
2023-10-13,253500,257500,243000,869053,-3.149606299212598,39.769720538540355,-26712056500,-2639532000,49065734500,-19714146000,246000
2023-10-16,234000,247000,233000,911320,-1.4227642276422763,38.67109197214845,21333092000,338233000,7876486000,-29547811000,242500
2023-10-17,247500,261500,245500,970967,2.6804123711340204,41.88207803994233,33436715500,564054000,2792724500,-36793494000,249000
2023-10-18,246500,257500,244000,611962,0.2008032128514056,42.13306145641918,377741000,-61211000,14475786500,-14792316500,249500
2023-10-19,242000,245500,238000,679263,-4.008016032064128,38.54758554373933,1074250500,91859500,28978303500,-30144413500,239500
2023-10-20,234500,237500,224500,1083331,-2.5052192066805845,36.53844732726242,19250110500,-4864550000,10175276000,-24560836500,233500
2023-10-23,232500,240000,227500,707846,-1.070663811563169,35.70342900748989,2017273000,-1637491500,5021658000,-5401439500,231000
2023-10-24,233500,236500,220500,1094510,1.0822510822510822,37.24782748434501,24427467000,-5762860500,7589684500,-26254291000,233500
2023-10-25,234000,234000,213000,1279210,-8.779443254817988,30.729631175012187,-25621866000,852478000,53749343000,-28979955000,213000
2023-10-26,199900,209000,198400,1598617,-6.291079812206572,27.359337907503317,8741431400,531969700,-24429725400,15156324300,199600
2023-10-27,200500,211000,196400,1219202,1.9539078156312624,29.77344322399169,5759974700,-3454533400,4770061600,-7075502900,203500
2023-10-30,201000,214000,199600,744013,4.176904176904177,34.85499703354833,-1185221400,-7601401000,-7607026500,16393648900,212000
2023-10-31,211500,211500,195000,1012456,-7.452830188679245,30.445038324990193,-12841053900,-6374918200,31899110600,-12683138500,196200
2023-11-01,198900,202000,187600,1012178,-3.873598369011213,28.5723859345686,4120026300,-7801778300,14701639500,-11019887500,188600
2023-11-02,193700,217000,192300,1416982,15.058324496288442,42.744830842543806,11712878800,3794608200,-36522549200,21015062200,217000
2023-11-03,226500,235000,216500,1917715,5.990783410138248,47.846066626912815,-11336771500,-451205500,24568001000,-12780024000,230000
2023-11-06,270500,299000,260500,3967285,30.0,65.44434670369695,12843889000,5230481000,-90373549500,72299179500,299000
2023-11-07,306500,320000,263000,4786379,-4.849498327759197,60.80133411685877,-16453028500,-4690345500,72212484000,-51069110000,284500
2023-11-08,272000,283500,253500,1790087,-10.193321616871705,52.74200262437806,12849189500,-420523500,-43731366500,31302700500,255500
2023-11-09,259000,261000,237500,1773521,-2.73972602739726,50.98523209757218,-7600350500,-1639716000,7035345000,2204721500,248500
2023-11-10,240000,241500,233000,853321,-6.237424547283702,47.23353944402312,-13946966000,-265610000,19493093500,-5280517500,233000
2023-11-13,239000,240000,225000,928068,-2.575107296137339,45.82776461903483,9841246500,-312200500,17987021000,-27516067000,227000
2023-11-14,233000,254500,230000,1460540,9.691629955947137,51.52470700598898,3964843000,34063500,-3074761000,-924145500,249000
2023-11-15,268000,272000,244500,1618135,0.4016064257028112,51.77297318590437,-4659416500,1381706500,46926301500,-43648591500,250000
2023-11-16,248000,257000,239500,1023370,-3.0,49.71640650137169,-8663500,-741254500,30398361000,-29648443000,242500
2023-11-17,237500,241000,230000,901372,-1.8556701030927836,48.47226734521532,-270395000,-42657500,-14454130500,14767183000,238000
2023-11-20,236000,254000,235000,1068545,5.46218487394958,52.19417479340675,28131056000,782236000,-31559785500,2646493500,251000
2023-11-21,252000,252500,241000,913147,-2.1912350597609564,50.531190722719366,-9121870000,451809500,33684811500,-25014751000,245500
2023-11-22,243000,248000,237500,651438,-2.4439918533604885,48.707969678913464,-3741175000,-1270845000,23380749500,-18368729500,239500
2023-11-23,239500,245000,236500,419964,1.6701461377870561,50.00310820687365,8689446500,-267894500,-15390815500,6969263500,243500
2023-11-24,245000,249500,242000,444715,-0.20533880903490762,49.83371954671332,263627000,15850500,16034248000,-16313725500,243000
2023-11-27,245000,245500,238000,464771,-0.823045267489712,49.11697626727452,-1881910500,1207962000,1715868500,-1041920000,241000
2023-11-28,241500,252000,239000,704248,1.4522821576763485,50.459805433931564,14152985000,1916565500,-4423367500,-11646183000,244500
2023-11-29,248500,271000,244500,1594422,10.224948875255624,58.81959131962157,15483630000,2211771000,-38146064500,20450663500,269500
2023-11-30,261000,277000,258000,1518780,1.6697588126159555,60.123978309268544,939052500,14579436000,-2664302000,-12854186500,274000
2023-12-01,269500,287500,259000,2131345,2.18978102189781,61.858718753507716,-8146018500,9157165500,-9554527500,8543380500,280000
2023-12-04,320000,354000,307500,6062155,15.357142857142858,71.44593482445072,-98136450500,-10009968000,149809158000,-41662739500,323000
2023-12-05,312000,331000,303000,2233869,-4.489164086687306,65.46977358339166,-5042350000,-1668074000,-24933759500,31644183500,308500
2023-12-06,308500,321000,297500,1430188,-2.4311183144246353,62.555128690369436,4002223000,-61015000,-11744993000,7803785000,301000
2023-12-07,312000,312500,291500,1395977,0.16611295681063123,62.674429855585224,2749809000,-21416900000,23777419500,-5110328500,301500
2023-12-08,304500,315000,299000,1149679,3.814262023217247,65.40456216052709,30226439000,-19761947500,-29414049000,18949557500,313000
2023-12-11,315000,328000,310500,1208426,1.9169329073482428,66.77022272127337,30771632000,-12337108500,-19183688000,749164500,319000
2023-12-12,316000,332000,314500,1171359,3.1347962382445136,68.96886715017799,12390234500,-13155409500,-21917443500,22682618500,329000
2023-12-13,321000,325000,310000,1264683,-5.167173252279635,61.517134400424474,-25540040500,-6872996500,55820989000,-23407952000,312000
2023-12-14,324000,325000,314500,1418618,2.564102564102564,63.51490408961657,27129747500,-10972055500,-53392542500,37234850500,320000
2023-12-15,324000,328500,318000,1328029,-0.625,62.63941567100411,-15771825000,-10100682000,-1536559500,27409066500,318000
2023-12-18,327000,335500,321000,1881631,1.257861635220126,63.71661779589435,-7840094500,-15673922000,-14718750000,38232766500,322000
2023-12-19,322500,323000,314000,1019914,-1.2422360248447204,61.797767854107015,-10381071000,-19001337000,33558362000,-4175954000,318000
2023-12-20,321500,322000,316000,582685,0.15723270440251574,61.952014122759095,1577025500,-5214215500,-13767427500,17404617500,318500
2023-12-21,314000,325000,303000,1344971,-3.924646781789639,55.87780225494848,-36753140000,-4871972500,40020433500,1604679000,306000
2023-12-22,308500,311000,293500,834654,-3.758169934640523,50.93032855479482,-15421582500,-2433563000,16249156500,1605989000,294500
2023-12-26,290500,295500,281000,978199,-3.5653650254668934,46.851427696101204,1789356000,-14982123500,-13219618000,26412385500,284000
2023-12-27,288000,299500,284500,879540,2.2887323943661975,49.545300209654116,-12840718500,-8260474000,39331898500,-18230706000,290500
2023-12-28,289000,290500,281500,557312,-0.8605851979345954,48.52653052438864,-1259817000,-4162671000,7788695500,-2366207500,288000
2024-01-02,288000,293000,282000,441580,-1.5625,46.66643452665764,-7306471000,-103977500,14819956500,-7409508000,283500
2024-01-03,278000,280000,271000,639495,-4.232804232804233,42.03879241737954,-35378034000,-198753500,24043160500,11533627000,271500
2024-01-04,265500,279000,265000,611803,2.7624309392265194,45.665366757313855,-7203402000,569305500,2855954500,3778142000,279000
2024-01-05,282000,319500,274000,3123118,12.903225806451612,58.94419265377913,147811542000,6024907000,-243930215500,90093766500,315000
2024-01-08,318000,323000,307000,1321504,0.15873015873015872,59.09372153852453,-59521000,-2189063000,19317772500,-17069188500,315500
2024-01-09,317000,318500,303000,791727,-3.6450079239302693,54.203894392350875,-14607724000,-4109829500,20001041000,-1283487500,304000
2024-01-10,300500,305500,291000,791460,-3.453947368421053,50.12551906459754,-22632476500,62441500,34465926500,-11895891500,293500
2024-01-11,293500,313500,293500,1242703,4.258943781942079,54.513314663420594,-8046335000,609202000,-17867678000,25304811000,306000
2024-01-12,301500,309000,295000,648041,-0.6535947712418301,53.69928326887793,-8061365000,-670915000,12299370500,-3567090500,304000
2024-01-15,298000,306000,288500,802958,-3.7828947368421053,49.15410534574005,-17538557000,-1224496500,46414456500,-27651403000,292500
2024-01-16,286000,300000,284500,633626,1.3675213675213675,50.71663959851,6189506500,1426702500,-15874020000,8257811000,296500
2024-01-17,294000,296500,282000,775134,-4.8903878583473865,45.28399738403917,-2586270500,-1303154000,35117127500,-31227703000,282000
2024-01-18,281000,302000,280500,1149526,2.4822695035460995,48.170376723079045,43372818500,1788873500,-69413568000,24251876000,289000
2024-01-19,293000,296000,274500,1064874,-3.633217993079585,44.38787333259283,5525680000,-2268248500,52583326500,-55840758000,278500
2024-01-22,273500,276000,248000,1825800,-10.951526032315979,35.63466626046356,563084500,-7478335500,41078139000,-34162888000,248000
2024-01-23,245500,257500,238000,1233895,-3.4274193548387095,33.64349878993616,-10162350000,-40211000,-2503475000,12706036000,239500
2024-01-24,241500,244500,232000,808713,-0.20876826722338201,33.52482974806098,-18504678500,954477000,9536523000,8013678500,239000
2024-01-25,234000,234500,224000,1094625,-5.02092050209205,30.723862565953297,-1841890500,-8661857500,7734382500,2769365500,227000
2024-01-26,222000,246500,221500,1373958,7.488986784140969,38.55588769678639,6923133500,717737000,-13362218500,5721348000,244000
2024-01-29,247500,248000,225000,1552920,-6.967213114754098,34.371142161694905,-354076000,-2039342500,26880685500,-24487267000,227000
2024-01-30,233000,236000,219000,1455093,-3.0837004405286343,32.79283643293357,-11598783500,-912094500,11362737500,1148140500,220000
2024-01-31,217000,222500,213500,810765,-2.9545454545454546,31.353116920073603,4140958000,948226500,7629053500,-12718238000,213500
2024-02-01,213500,228500,211000,1010740,6.791569086651054,37.902663151415744,52828964500,384969500,-28274929000,-24939005000,228000
2024-02-02,230500,232000,222500,905402,0.43859649122807015,38.339594741357104,4285998000,225802500,574401500,-5086202000,229000
2024-02-05,226500,228500,221500,434759,-1.9650655021834063,37.075373165125455,-10491491500,-1062535000,14591971000,-3037944500,224500
2024-02-06,220000,221000,216000,771192,-3.78619153674833,34.74483092838014,3036595500,1116151500,-8467421000,4314674000,216000
2024-02-07,226000,250000,225500,2845259,6.712962962962964,41.50034652001228,8078762000,-2736573000,-11166180000,5823991000,230500
2024-02-08,238000,249000,231500,1499991,5.639913232104121,46.81631102910854,10176597000,-654570000,-22249601500,12727574500,243500
2024-02-13,243500,248000,235500,1101830,-1.4373716632443532,45.614486820346094,1435505000,188161500,-1188937000,-434729500,240000
2024-02-14,234000,248000,227500,930391,1.4583333333333333,47.077567381426555,-839920000,962555000,-3486161500,3363526500,243500
2024-02-15,249500,256500,241500,951210,3.9014373716632447,50.93581290833615,12218001500,459343000,-21268684500,8591340000,253000
2024-02-16,262000,262500,253000,823032,0.3952569169960474,51.337975172017046,20976501000,258783500,-3868767000,-17366517500,254000
2024-02-19,247000,252500,243000,610835,-3.937007874015748,47.17385935306865,-2443404500,27554500,10079311500,-7663461500,244000
2024-02-20,240000,254000,235000,994910,3.8934426229508197,51.22166218947197,-166402000,1162075000,-43277550500,42281877500,253500
2024-02-21,249000,255500,246000,657216,-1.7751479289940828,49.29482342804002,-15190370500,343162500,13004022500,1843185500,249000
2024-02-22,249500,253000,246000,447068,0.2008032128514056,49.52203774603091,-3628524000,-152211000,2034810000,1745925000,249500
2024-02-23,249500,252500,243500,441153,-0.8016032064128256,48.584209706917,2816707500,99849500,-123910000,-2792647000,247500
2024-02-26,245000,249500,242000,449148,-2.2222222222222223,46.00409747078723,-8425689500,91859000,8368701000,-34870500,242000
2024-02-27,244500,248500,235500,701468,-2.272727272727273,43.515405352018924,11100506500,1296941000,-13987142000,1589694500,236500
2024-02-28,256000,273000,254000,3637396,8.24524312896406,53.18514803067449,25259684000,577879500,-20700727000,-5136836500,256000
2024-02-29,259000,266500,250500,1114075,4.1015625,57.41283658362565,19368395500,-1884144500,-37209240500,19724989500,266500
2024-03-04,265500,271500,264000,1016547,1.3133208255159476,58.75006628809947,16106897500,996409000,-10952363000,-6150943500,270000
2024-03-05,262500,264500,253000,1035646,-5.37037037037037,51.53100753835409,-49525101000,655074000,93798373500,-44928346500,255500
2024-03-06,251500,257000,249000,577892,-2.3483365949119372,48.855807029574365,-21770191500,449730500,34140925000,-12820464000,249500
2024-03-07,251000,257000,246500,552040,0.4008016032064128,49.32796732459512,-11337613000,164029500,6243439000,4930144500,250500
2024-03-08,250500,252500,243500,576953,-1.3972055888223553,47.669206448468145,-4554325000,1241203000,15333342000,-12020220000,247000
2024-03-11,245000,249000,244000,354673,-0.8097165991902834,46.70275574665408,-10193064000,669923500,8581160000,941980500,245000
2024-03-12,247500,262000,247000,1070068,6.938775510204081,55.045656095921366,25535480500,396000,-74335985000,48800108500,262000
2024-03-13,263000,265500,258000,682265,0.9541984732824428,56.133144358049826,14880593500,494237500,-3750032500,-11624798500,264500
2024-03-14,261000,266500,255500,998393,0.7561436672967864,57.02872727641912,74877766000,100943000,-43726234000,-31252475000,266500
2024-03-15,262000,262500,256500,493068,-3.75234521575985,51.380381110593234,-5391731000,-172376000,35254860000,-29690753000,256500
2024-03-18,257000,268000,257000,678264,4.483430799220272,56.69255967490724,32290446500,-1109590500,-68887316500,37706460500,268000
2024-03-19,271500,278000,264000,1016973,1.3059701492537312,58.189822405640115,5524358000,-1199494500,-1278153000,-3046710500,271500
2024-03-20,271000,274500,264500,603154,-2.394106813996317,54.42646372676419,-7129075500,-81286000,30422065500,-23211704000,265000
2024-03-21,270000,280500,268000,1131930,4.150943396226415,59.23170443075413,34012557000,-195784000,-89323668500,55506895500,276000
2024-03-22,277500,280000,273000,528708,0.36231884057971014,59.64824456174016,6598413000,175129500,3120876500,-9894419000,277000
2024-03-25,280000,296500,278000,1527123,5.054151624548736,65.03449796585866,42109377000,1648264000,-67078442500,23320801500,291000
2024-03-26,294500,296000,287000,844487,0.5154639175257731,65.56486202163649,12663169500,1045686500,-11011735500,-2697120500,292500
2024-03-27,291500,298500,285000,861359,-1.7094017094017095,62.17920538442216,-3892807000,-3511408000,15899438000,-8495223000,287500
2024-03-28,287500,289500,276000,680977,-3.4782608695652173,55.95575542466758,3967749500,-962311500,-3788529500,783091500,277500
2024-03-29,275500,280000,269500,617611,-1.2612612612612613,53.92152146669118,-11489877500,691166000,2533402500,8265309000,274000
2024-04-01,272000,280000,270500,460008,-1.2773722627737227,51.889986158535386,903287000,-91804500,12070303500,-12881786000,270500
2024-04-02,270000,272500,260500,679991,-3.3271719038817005,46.987629326743004,-16447676000,-1523822500,8532836000,9438662500,261500
2024-04-03,253500,257500,245000,1079181,-6.118546845124283,39.790449325652034,-20761851500,959199000,35658838000,-15856185500,245500
2024-04-04,248500,251000,236000,859930,0.40733197556008144,40.404853871342425,-24279918000,1068939000,26677775000,-3466796000,246500
2024-04-05,243000,248500,239000,442108,-2.839756592292089,37.51869964153215,-9120702500,-41409000,7593305000,1568806500,239500
2024-04-08,232000,245000,225500,1097858,0.41753653444676403,38.19786591304511,-16461991000,790813500,10045329000,5625848500,240500
2024-04-09,244500,248000,235000,611609,-1.6632016632016633,36.48928301449954,-3421106000,164290500,11093996000,-7837180500,236500
2024-04-11,230000,239000,229500,569787,1.0570824524312896,38.34549043063563,16074675000,261770000,-11478295500,-4858149500,239000
2024-04-12,240500,240500,228000,553362,-4.393305439330543,33.86828822823294,-12268359500,1860551000,47430173500,-37022365000,228500
2024-04-15,222500,233500,222000,538285,-0.2188183807439825,33.66670314592112,8810000,-107214500,-11919393000,12017797500,228000
2024-04-16,224500,226500,220000,491631,-3.289473684210526,30.71364222368237,-13191829500,-3065389500,9054394500,7202824500,220500
2024-04-17,221500,224000,215000,477126,-2.494331065759637,28.723880647861534,2593426500,342725500,1639338500,-4575490500,215000
2024-04-18,217500,230500,217000,642403,6.511627906976744,39.47291618593204,-5837334500,219891000,-6150011000,11767454500,229000
2024-04-19,225500,231000,222000,468724,-0.6550218340611353,38.79779703779154,918578500,81132000,2192149500,-3191860000,227500
2024-04-22,233500,242000,232500,694496,5.4945054945054945,46.94178764883002,9895002500,-436807500,-11342507500,1884312500,240000
2024-04-23,236000,241500,233000,445260,-2.7083333333333335,43.686387561417554,-5417578000,394923500,20336742000,-15314087500,233500
2024-04-24,243000,249500,239000,810487,5.139186295503212,50.51000580929453,15355001000,-894310000,-20506876000,6046185000,245500
2024-04-25,241000,242500,233500,590430,-4.684317718940937,44.8955702189914,-17621200500,936486500,18966027500,-2281313500,234000
2024-04-26,237000,239000,230500,371441,0.8547008547008548,46.019356133905234,13887921000,-95688500,-15165489000,1373256500,236000
2024-04-29,234500,239000,232000,344677,1.2711864406779663,47.74096465311871,4003994500,158386000,-14495367000,10332986500,239000
2024-04-30,246000,246000,237000,408521,-0.20920502092050208,47.469231905509105,-4928469000,-163473000,5400252000,-308310000,238500
2024-05-02,236500,237500,233000,247321,-2.3060796645702304,44.47074236719496,-3390096500,-225394000,4933144500,-1317654000,233000
2024-05-03,236500,239000,223500,641296,-3.004291845493562,40.92731435175848,-7266930000,186729000,10514360500,-3434159500,226000
2024-05-07,226500,228500,222000,525423,-1.3274336283185841,39.475584838112496,5158333500,-235832500,-4434998500,-487502500,223000
2024-05-08,222000,224000,219000,391153,0.0,39.47558483811251,-1130214500,-124940000,-5809278000,7064432500,223000
2024-05-09,221000,222000,216500,465377,-1.1210762331838564,38.16715520743293,-2277020500,-69860000,7835484500,-5488604000,220500
2024-05-10,220000,222500,217500,316039,-1.3605442176870748,36.59945732018429,-320258000,47786500,-429515000,701986500,217500
2024-05-13,218000,219000,210000,459634,-3.218390804597701,33.17533430582287,-9507858000,381311500,13871704500,-4745158000,210500
2024-05-14,210500,215500,210000,451281,0.0,33.17533430582287,-2181684000,-528839000,898697000,1811826000,210500
2024-05-16,211000,216500,208000,551906,2.6128266033254155,38.42479396535806,5911456500,174951000,-27502081500,21415674000,216000
2024-05-17,216500,220000,212500,433809,-1.6203703703703702,36.46185581627439,12678443500,759297000,-3522013500,-9915727000,212500
2024-05-20,214000,215000,210500,267962,0.2352941176470588,36.957324655663946,6181153500,1480969500,-7507907000,-154216000,213000
2024-05-21,211500,212000,202500,560921,-4.460093896713615,31.871891570936512,-8460028500,-624468000,21571494500,-12486998000,203500
2024-05-22,206500,209000,203000,308921,0.2457002457002457,32.39913449243815,7868265000,-818641000,-15789318000,8739694000,204000
2024-05-23,202000,205000,199800,366376,-0.7352941176470588,31.608822303738236,5734123500,-278320500,-13254691400,7798888400,202500
2024-05-24,199900,201500,195800,595244,-3.111111111111111,28.467916393490512,2224656300,-430855600,12257217800,-14051018500,196200
2024-05-27,196800,209500,193600,929113,6.269113149847094,40.83013538584693,31721635600,-2193473800,-52466169800,22938008000,208500
2024-05-28,207000,207000,198500,682776,-4.748201438848921,35.51065718517407,-17312023900,642012900,37953586500,-21283575500,198600
2024-05-29,196300,197300,187500,1007809,-5.589123867069486,30.683748380102898,-16443000900,241748400,24830705400,-8629452900,187500
2024-05-30,185300,190400,184000,751107,-0.9066666666666667,30.010926034873705,8126878900,-8482747600,-5957319500,6313188200,185800
2024-05-31,186300,191300,181500,1058322,2.960172228202368,34.97853280502498,-671374300,15283700,-4688825000,5344915600,191300
2024-06-03,189400,192000,187500,582389,-1.7250392054364874,33.44469264061121,-10195088100,-1328964800,18202832000,-6678779100,188000
2024-06-04,187100,194600,187000,706551,1.702127659574468,36.35900565294388,14830791000,311727000,-29440816500,14298298500,191200
2024-06-05,191500,208000,190400,1100996,6.171548117154812,45.78615568096265,19264042800,-766168100,-40174271800,21676397100,203000
2024-06-07,208000,224000,202000,1568844,9.35960591133005,56.86571206971346,19192592000,10918299500,-53022420000,22911528500,222000
2024-06-10,219000,221500,209000,949785,-2.9279279279279278,52.88390576795113,7742432000,-96804000,10054855000,-17700483000,215500
2024-06-11,216500,221500,211500,625302,-0.9280742459396751,51.684701993434714,-5916888000,435782000,24123510000,-18642404000,213500
2024-06-12,211500,215500,205500,543357,-1.873536299765808,49.27792128043531,-7333928500,-513766000,17100260500,-9252566000,209500
2024-06-13,213500,214500,206000,777900,-0.23866348448687352,48.970942985673524,-4249683000,640348500,16544172500,-12934838000,209000
2024-06-14,209000,209000,199600,699689,-4.0669856459330145,43.95764714986065,-23594180600,-307381700,23487893400,413668900,200500
2024-06-17,195300,201000,193800,547470,-0.798004987531172,43.063961901679704,-11307501500,211707400,5476895500,5618898600,198900
2024-06-18,201000,203000,191300,710704,-3.6701860231272,39.152843038902716,-11359240200,28061800,9816325700,1514852700,191600
2024-06-19,189500,196600,188500,724891,1.3048016701461378,41.12490468770059,3632406700,148311600,-20763939100,16983220800,194100
2024-06-20,194200,199000,187500,823551,-3.091190108191654,37.946238964269796,-14865339500,602975100,47998030100,-33735665700,188100
2024-06-21,187900,193600,186600,646780,-0.7974481658692184,37.17268855633608,-7012621900,-375113400,12327934600,-4940199300,186600
2024-06-24,185400,186600,182100,518734,-2.4115755627009645,34.87575000879799,-10527076300,-427691100,6835230100,4119537300,182100
2024-06-25,182500,184700,179200,463562,-1.5376166941241076,33.48912384779574,-8475261100,427450700,13943443900,-5895633500,179300
2024-06-26,180300,181500,176800,437439,-0.501952035694367,33.03447881098597,-1666805100,-436102900,-369086400,2471994400,178400
2024-06-27,181000,184700,178000,420147,-0.2242152466367713,32.821210939527944,599399500,56425900,6385473500,-7041298900,178000
2024-06-28,178000,186000,175200,558335,2.8089887640449436,38.19267437572282,6390914200,-42339500,-13284982100,6936407400,183000
2024-07-01,187500,188600,182100,509498,3.0054644808743167,43.540473128870445,7561694200,131957700,-9489961500,1796309600,188500
2024-07-02,190900,190900,182500,384792,-3.183023872679045,39.52295575276913,-2870589400,-31484500,11661313600,-8759239700,182500
2024-07-03,185500,194600,185500,954589,4.657534246575342,46.98587249879444,6279362600,-105683300,-29661960600,23488281300,191000
2024-07-04,195000,196600,188700,527747,-1.0471204188481675,45.56121938491221,-2305082200,884955500,9689972500,-8269845800,189000
2024-07-05,189100,191800,185700,357510,0.582010582010582,46.521652634263376,5790153600,-7788600,-10549992000,4767627000,190100
2024-07-08,188800,202000,187000,964629,4.471330878485008,53.367928983053005,5401755000,85156300,-35541384600,30054473300,198600
2024-07-09,199000,201000,192600,508406,-2.416918429003021,49.513112803996094,-11713080700,45697100,19836153500,-8168769900,193800
2024-07-10,193500,196200,189500,402279,-2.218782249742002,46.28759223720231,-2478319600,82497100,8801786400,-6405963900,189500
2024-07-11,191000,195500,189000,547890,-0.2638522427440633,45.91304900717064,-11530691600,452076400,686432800,10392182400,189000
2024-07-12,187500,195700,187100,575362,3.5449735449735447,51.568354471452096,22168061900,-71738100,-35873580000,13777256200,195700
2024-07-15,195700,195700,188800,535544,-0.6642820643842616,50.465765445455254,5682542000,121055400,6287178900,-12090776300,194400
2024-07-16,192800,193200,183000,551866,-5.761316872427984,42.111785932171344,-18090885500,555320100,27523139600,-9987574200,183200
2024-07-17,181500,184900,178400,415403,-2.292576419213974,39.47295177961225,-4756236400,-4343879800,5262047800,3838068400,179000
2024-07-18,178000,186500,177000,547368,1.7877094972067038,42.43279658233703,18213715200,-1433303500,-32958460500,16178048800,182200
2024-07-19,181900,194000,181700,623889,6.476399560922063,51.79410056052959,22514795900,-103077300,-41359755300,18948036700,194000
2024-07-22,192700,192700,181100,569845,-6.649484536082475,43.47151324469076,-17885394700,2028817800,38687886500,-22831309600,181100
2024-07-23,182500,184300,178200,393683,-1.1595803423522915,42.28045770745147,-7064094200,-40781300,12179152400,-5074276900,179000
2024-07-24,177500,184100,175600,360681,-0.22346368715083798,42.04416064591685,1295442600,92712000,-5384097500,3995942900,178600
2024-07-25,174600,184500,170600,972513,1.287793952967525,43.98278076284019,43676061200,632871100,-11906284700,-32402647600,180900
2024-07-26,181300,182200,173600,403715,-3.814262023217247,39.69317578431554,994427700,-196314900,10575965800,-11374078600,174000
2024-07-29,174200,178700,171700,353401,2.413793103448276,43.31704082081567,9508994200,-179526000,-16964910400,7635442200,178200
2024-07-30,177100,190000,176100,927485,5.218855218855219,50.4213033676452,31031526700,-1048157900,-55309602700,25326233900,187500
2024-07-31,185300,187300,179200,626382,-4.053333333333333,45.41225855509422,-8579551200,236870000,28793044600,-20450363400,179900
2024-08-01,180000,186600,170800,1167499,2.8904947192884936,49.13557080463209,23852567400,743125400,-16150805500,-8444887300,185100
2024-08-02,180400,191200,179600,724626,0.4321988114532685,49.70395176807238,23300672800,72609900,-30585825700,7212543000,185900
2024-08-05,184400,188900,164000,1150660,-11.296395911780527,37.77204527294863,28679937600,-613389000,-14766662700,-13299885900,164900
2024-08-06,171000,183000,170000,897262,9.76349302607641,48.065598566888816,11077727700,2181887100,-29236221300,15976606500,181000
2024-08-07,177700,182600,174200,581172,-3.7569060773480665,44.70221388054912,-10229519600,285071600,32800945600,-22856497600,174200
2024-08-08,171200,176800,165000,842757,-4.477611940298507,41.1456057175379,-19387844700,650634900,24873873900,-6136664100,166400
2024-08-09,170500,182600,169000,1093221,7.6923076923076925,48.400814072437434,16044703200,2128569000,-64945732400,46772460200,179200
2024-08-12,179700,183600,177800,374793,0.4464285714285714,48.82542381039118,-5744855700,-1794085700,10539187700,-3000246300,180000
2024-08-13,178300,185600,175500,560693,0.2222222222222222,49.05117806005555,-1439498500,-166998100,-3531390700,5137887300,180400
2024-08-14,185100,189400,181600,562104,3.1042128603104215,52.22851409829864,13396923600,122096500,-19169582500,5650562400,186000
2024-08-16,189700,191900,182100,508852,-2.0967741935483875,49.89481077090964,-9069336800,-756639600,22616843600,-12790867200,182100
2024-08-19,181300,182700,172000,621823,-5.326743547501374,44.56158010360392,-23662794200,991962700,38704219600,-16033388100,172400
2024-08-20,174700,176300,170200,486336,-0.46403712296983757,44.142502096226785,-15538875200,676636700,24309632800,-9447394300,171600
2024-08-21,171300,181400,171300,779994,2.738927738927739,47.279446377073654,2249139400,-1745151600,-35233280900,34729293100,176300
2024-08-22,177600,181800,175900,583764,2.6091888825865004,50.225732123360046,17995441100,-823357100,-32909902800,15737818800,180900
2024-08-23,178000,178900,172600,622358,-3.814262023217247,46.067001504084885,-6629994700,451765000,38391987900,-32213758200,174000
2024-08-26,175500,179100,171700,543665,-0.11494252873563218,45.94824182910425,-3483530100,148081100,-3264181300,6599630300,173800
2024-08-27,173800,175200,170000,614348,-2.128883774453395,43.70357233274565,-24989398400,-39661000,38104592100,-13075532700,170100
2024-08-28,171000,171500,165000,644737,-2.9394473838918285,40.80272022623935,-10791216200,-45095100,20456526400,-9620215100,165100
2024-08-29,163100,170200,163100,525714,2.059357964869776,43.54676431727997,9821496300,-315814700,-21605187600,12099506000,168500
2024-08-30,168800,170600,167200,381398,-0.11869436201780414,43.419265086367155,6861804500,105644300,-4800923900,-2166524900,168300
2024-09-02,169000,183700,168900,1625882,8.02139037433155,53.34831068347364,27097348700,413784200,-92089107600,64577974700,181800
2024-09-03,182500,182700,174400,686180,-4.0154015401540155,48.40205567657175,-23968975800,-100947900,48358325200,-24288401500,174500
2024-09-04,169700,175500,168000,585304,-2.4068767908309456,45.772561795602755,2135387600,822401200,9720481800,-12678270600,170300
2024-09-05,172700,173100,166000,515241,-1.8790369935408102,43.81930555936982,-4692316600,-168778100,16853802700,-11992708000,167100
2024-09-06,168500,169700,157500,733467,-5.385996409335727,38.80389453806222,-8651291200,-527767800,27725798000,-18546739000,158100
2024-09-09,155900,157200,151100,703185,-4.111321948134092,35.631879075410126,-23405992300,-62728000,22489585200,979135100,151600
2024-09-10,152500,154500,148700,482397,-1.912928759894459,34.28528389816552,-11151256100,19632200,2450522500,8681101400,148700
2024-09-11,149500,160700,149500,864741,3.362474781439139,38.59416638678212,-460879900,-678408600,-26343643000,27482931500,153700
2024-09-12,157000,165000,155000,1238778,2.342225113858165,41.56509057214153,-37705501900,-1116587500,21180929700,17641159700,157300
2024-09-13,158500,160400,153600,521286,1.1443102352193262,43.04876886344485,4626216400,-261137000,1253574300,-5618653700,159100
2024-09-19,161100,162000,155700,366905,-0.6285355122564426,42.404610538127734,1431078900,-89978700,2981117600,-4322217800,158100
2024-09-20,161300,164000,159800,506516,1.7077798861480076,44.806050894491904,6255181100,-129684400,-13963735600,7838238900,160800
2024-09-23,159800,169400,158900,585588,5.348258706467662,51.71226851130956,20194029200,272307600,-37097099700,16630762900,169400
2024-09-24,171500,182500,170700,1112942,6.375442739079102,58.70099943285738,24746710500,-393239600,-47148870900,22795400000,180200
2024-09-25,181900,184300,177600,655475,-0.776914539400666,57.53845732064781,4181200400,134837600,-11045029400,6728991400,178800
2024-09-26,179100,189600,177000,832170,6.0402684563758395,63.53759598509382,17239533000,-433547700,-37837933400,21031948100,189600
2024-09-27,188200,192000,185600,640252,0.42194092827004215,63.9439663205017,9257031800,300732500,-5823268300,-3734496000,190400
2024-09-30,193000,193900,184500,695961,-3.0987394957983194,58.74414969297131,-12004254300,571825200,28673103100,-17240674000,184500
2024-10-02,183400,192800,182500,626291,3.035230352303523,61.91020024857471,24702063400,111531600,-30801762800,5988167800,190100
2024-10-04,190100,192900,183400,602272,-3.5244608100999475,56.3394187570906,-1781245200,61046200,28911327700,-27191128700,183400
2024-10-07,185800,194000,184500,761883,5.070883315158124,61.51583102042582,5027200500,-322557300,-32413747700,27709104500,192700
2024-10-08,190700,193700,188400,482782,0.15568240788790866,61.67368639850007,4274553400,188362200,4476241000,-8939156600,193000
2024-10-10,194400,194500,186000,867580,-3.471502590673575,56.13566797748356,-38466324300,416175000,64609794700,-26559645400,186300
2024-10-11,186500,190200,180600,503426,-2.898550724637681,52.07682173542066,-6774113800,496925500,692763600,5584424700,180900
2024-10-14,178600,180000,175100,437477,-2.7639579878385847,48.57467351303531,-9701801500,205767300,17577790400,-8081756200,175900
2024-10-15,176600,180000,170000,551830,-2.7288231949971573,45.41701911936647,-15289206600,19980700,20740230100,-5471004200,171100
2024-10-16,172300,172900,168100,366010,-1.2273524254821742,44.06732868502716,-9937018300,-226837200,13548400100,-3384544600,169000
2024-10-17,168900,170900,166400,332780,-1.5384615384615385,42.387771241950254,-5437338200,164336100,11957991300,-6684989200,166400
2024-10-18,165200,167400,162000,391228,-1.9831730769230769,40.28888610276792,-14709633900,-201895400,8788918400,6122610900,163100
2024-10-21,163100,165700,162500,298968,1.1036174126302882,41.976583710692864,-6083674500,194622900,36452400,5852599200,164900
2024-10-22,163700,164800,156600,478346,-4.972710733778047,36.86474929743183,-11872467900,-629202100,15592634200,-3090964200,156700
2024-10-23,156200,163200,155000,449063,3.509891512444161,41.969337756113475,11082981200,-3493300,-9669212200,-1410275700,162200
2024-10-24,165000,165400,156500,456927,-3.45252774352651,38.55158180638327,-12043435200,244973100,27162021100,-15363559000,156600
2024-10-25,160400,163400,155500,349054,0.6385696040868455,39.49905674978178,1304518200,-305441200,-2811094700,1812017700,157600
2024-10-28,159200,172000,159100,810783,9.137055837563452,51.174012363481594,23822463800,-2322249400,-60601601400,39101387000,172000
2024-10-29,169300,174300,167500,485945,1.0465116279069768,52.41024792169408,5106198100,415110300,-6915132500,1393824100,173800
2024-10-30,172800,176200,169400,381830,-2.0713463751438432,49.699927552226576,-8913390700,467267300,2120744400,6325379000,170200
2024-10-31,168300,174900,166000,924023,0.17626321974148063,49.93228980696492,9632662600,427350600,-24020220600,13960207400,170500
2024-11-01,166200,174000,163000,521486,-0.46920821114369504,49.27854498309395,10900290000,125921700,-1605722100,-9420489600,169700
2024-11-04,172000,189100,168500,1677902,7.248084855627577,58.31514199119655,13714472600,-2695008100,-30657034100,19637569600,182000
2024-11-05,180300,183100,178200,428026,-1.9230769230769231,55.29619112061888,3339345200,203164000,1312723700,-4855232900,178500
2024-11-06,182100,182800,162000,1401358,-8.627450980392156,44.40361917290373,-29626622600,1283782800,59475282300,-31132442500,163100
2024-11-07,162800,164500,156100,818298,-2.452483139178418,42.08471114415758,-17970329400,-2574304900,14891026900,5653607400,159100
2024-11-08,162100,167200,160400,559098,0.9428032683846637,43.280928822475616,-2339969600,102851300,-15232576200,17469694500,160600
2024-11-11,161000,164700,152100,661237,-4.919053549190536,38.742316481339415,-16204242200,-41876400,27982131600,-11736013000,152700
2024-11-12,154400,157600,151000,640626,0.13097576948264572,38.91695289283131,6417137000,-78235400,-10341877800,4002976200,152900
2024-11-13,152800,154000,143200,796596,-5.624591236102027,34.37844036859923,-6980301800,-198202600,7431488000,-252983600,144300
2024-11-14,145000,147000,133200,1117417,-6.375606375606376,30.306639323195014,345537100,-8592600,-707076400,370131900,135100
2024-11-15,129900,130800,120400,1502075,-7.846039970392302,26.423418375950007,-5328786300,-2029355900,-28106364600,35464506800,124500
2024-11-18,124700,129100,122100,813884,2.4096385542168677,29.188807817195183,-406795900,-18943700,-10091136100,10516875700,127500
2024-11-19,127000,128500,122900,510489,0.39215686274509803,29.66330331367027,2731226000,-150446500,-7775101000,5194321500,128000
2024-11-20,127700,132100,125700,448887,1.40625,31.44429132999207,5797892500,-149022300,-6754423200,1105553000,129800
2024-11-21,129400,134300,128300,484977,1.9260400616332818,33.94596450403924,9084148500,114190900,-4085336600,-5113002800,132300
2024-11-22,133200,137900,132000,440799,2.3431594860166287,37.01519230407498,10223770400,-91364700,-7258912600,-2873493100,135400
2024-11-25,136200,143700,135300,672828,4.800590841949778,42.99614466466581,12036690100,-89873800,-18662110000,6715293700,141900
2024-11-26,143500,148700,139300,837516,-1.1980267794221282,41.8761359932988,-11016340300,652119800,1397155400,8967065100,140200
2024-11-27,140800,142200,134600,462950,-3.566333808844508,38.68435559853619,-3474431700,189450200,5290831700,-2005850200,135200
2024-11-28,140400,146600,138200,1015040,6.804733727810651,46.729851454565456,13226424800,3965098900,-26177242400,8985718700,144400
2024-11-29,144400,144400,135200,603689,-6.3711911357340725,40.94412616997364,-8323442000,281177600,26150242800,-18107978400,135200
2024-12-02,137300,142100,135600,490295,1.7011834319526626,42.84919407069423,4703108900,-29551300,-14614156100,9940598500,137500
2024-12-03,137700,139800,135000,400960,0.36363636363636365,43.277573895778524,-4141027200,-807015900,-4179406900,9127450000,138000
2024-12-04,134000,137500,131200,590011,-2.8260869565217392,40.71408958366768,2271567600,861539700,-3377672400,244565100,134100
2024-12-05,135000,135900,128800,368463,-3.877703206562267,37.522663189663874,-2572988700,276768700,3906304500,-1610084500,128900
2024-12-06,128800,132000,125000,504716,0.3878975950349108,38.025703805944026,8824860500,-93067500,-15692568300,6960775300,129400
2024-12-09,127700,131700,126000,605939,-0.46367851622874806,37.63411686338052,11480015800,-385184700,-28302757800,17207926700,128800
2024-12-10,131400,133700,129300,474551,1.7080745341614907,40.071050592342395,-2586534000,14314200,8878280700,-6306060900,131000
2024-12-11,131000,137200,129800,566257,0.15267175572519084,40.299435330862885,-4190780300,63587200,5274082700,-1146889600,131200
2024-12-12,133400,136900,128800,823795,2.8201219512195124,44.512354473922805,8497618100,-112190000,-3586848000,-4798580100,134900
2024-12-13,134200,135000,131000,488351,-2.891030392883618,41.21118828321656,-18035228000,299943600,20573075900,-2837791500,131000
2024-12-16,132000,133100,128200,469683,-2.1374045801526718,38.97625269192722,-16634222400,-168391100,13890978800,2911634700,128200
2024-12-17,129000,129200,118200,1088032,-7.800312012480499,32.249576240015045,-29353818300,-4620532300,37590901700,-3616551100,118200
2024-12-18,119100,121100,118500,598089,1.5228426395939088,34.442776052316006,-580776000,-1766446600,-16592491400,18939714000,120000
2024-12-19,117300,122000,116500,586245,-1.1666666666666667,33.533521343214886,-7110101200,-151662700,-1067178400,8328942300,118600
2024-12-20,119600,120400,113200,634148,-3.794266441821248,30.725765828653806,-7378577900,-386361300,-2095938100,9860877300,114100
2024-12-23,115000,115900,108900,672328,0.6134969325153374,31.68400242256807,2899491200,-441679100,-20435788600,17977976500,114800
2024-12-24,115300,121000,114800,753672,0.4355400696864111,32.40325831559389,-7426462800,-509313300,-12401548800,20337324900,115300
2024-12-26,116100,116300,109400,647305,-4.683434518647007,28.868253835063285,-3248698000,836253600,13059247700,-10646803300,109900
2024-12-27,109900,112300,106600,652732,-1.7288444040036397,27.7222798634687,-3865998900,802917600,-14494907500,17557988800,108000
2024-12-30,107900,111500,107500,399730,1.7592592592592593,30.68549411250241,836321500,60615800,-13860638100,12963700800,109900
2025-01-02,110400,110900,105000,459369,-4.003639672429482,27.83908498162046,-5452920600,-5190900,16116815700,-10658704200,105500
2025-01-03,105600,115200,105600,910881,7.109004739336493,38.33863336717779,-138250800,-736370600,-21131110000,22005731400,113000
2025-01-06,114100,118100,113000,553990,3.5398230088495577,43.094263271763566,193383100,-27637100,-2424890600,2259144600,117000
2025-01-07,116900,119400,115300,482373,-0.8547008547008548,42.21763890860025,-6922067100,26790500,2862426000,4032850600,116000
2025-01-08,115300,121000,114700,629605,3.8793103448275863,47.40270919657581,2676987800,-248931800,-16008364500,13580308500,120500
2025-01-09,120300,131600,116600,1001082,9.211618257261412,57.52705344437419,39851590700,76073700,-16119778900,-23807885500,131600
2025-01-10,125900,125900,120200,808144,-8.662613981762918,47.42945264297614,-19528509700,654965000,32742038400,-13868493700,120200
2025-01-13,119500,121800,118100,382089,-1.747088186356073,45.83347082131313,-1907268500,215080300,-831659900,2523848100,118100
2025-01-14,119700,131000,119200,1058155,7.790008467400508,53.254628500553544,22696861300,-152889000,-41458571000,18914598700,127300
2025-01-15,127600,136000,126700,965131,1.5710919088766693,54.70739171336245,23583133200,-944753200,-16921089300,-5717290700,129300
2025-01-16,134700,136600,130900,676789,1.5467904098994587,56.17419150127996,10364768800,410627500,-4658728000,-6116668300,131300
2025-01-17,130000,134600,128100,570430,-0.913937547600914,55.022802315264116,9958236000,7727800,6109454200,-16075418000,130100
2025-01-20,132500,139600,132300,1315555,6.072252113758648,60.72947027360147,12946017700,1389944000,-5068703800,-9267257900,138000
2025-01-21,135200,138500,123300,1852672,-8.623188405797102,50.36348596826522,-13645066400,1766165300,53203239100,-41324338000,126100
2025-01-22,126800,132400,126800,860437,3.5685963521015065,53.58957837994939,11318286400,358102900,-26920287300,15243898000,130600
2025-01-23,129300,133000,125800,698157,0.45941807044410415,54.01869980427196,4206942800,-153797700,4201215300,-8254360400,131200
2025-01-24,131200,133000,128600,457720,-1.2195121951219512,52.62142852187806,-2481367200,-445298800,7119966700,-4193300700,129600
2025-01-31,128000,133700,125900,485819,1.0802469135802468,53.74876276138165,-7807399000,324256100,-5490978200,12974121100,131000
2025-02-03,128200,128500,119000,751464,-9.16030534351145,44.06941826641725,-12806761700,-1823885500,27062990900,-12432343700,119000
